tradeDate,openPrice,highPrice,lowPrice,closePrice,volume,ticker
2020-01-01,31.09,31.09,30.98,31.01,6834723,600036
2020-01-02,31.21,31.52,31.21,31.34,7832674,600036
2020-01-03,31.59,31.59,31.25,31.34,4560077,600036
2020-01-06,30.81,31.28,30.81,31.27,3661179,600036
2020-01-07,31.04,31.9,31.04,31.61,4186699,600036
2020-01-08,32.28,32.28,30.94,31.06,10034208,600036
2020-01-09,31.25,32.51,31.25,32.34,2718054,600036
2020-01-10,32.35,32.82,32.35,32.8,1593368,600036
2020-01-13,32.92,32.92,32.23,32.32,5266358,600036
2020-01-14,32.13,32.77,32.13,32.59,8931410,600036
2020-01-15,32.36,33.05,32.36,32.83,6858458,600036
2020-01-16,32.95,33.06,32.93,33.0,6668936,600036
2020-01-17,33.88,33.88,31.97,32.02,11942073,600036
2020-01-20,31.99,32.58,31.96,32.31,10734313,600036
2020-01-21,32.32,32.49,32.32,32.43,2673279,600036
2020-01-22,31.72,32.55,31.72,32.44,6132786,600036
2020-01-23,32.01,32.01,31.77,31.8,13284643,600036
2020-01-24,32.17,32.52,31.95,32.25,5401759,600036
2020-01-27,32.78,33.2,32.78,33.11,3403508,600036
2020-01-28,33.22,33.22,32.87,32.87,2034569,600036
2020-01-29,33.78,33.79,33.4,33.53,6049824,600036
2020-01-30,33.89,33.89,32.42,32.96,11950755,600036
2020-01-31,33.18,33.18,32.36,32.65,3900604,600036
2020-02-03,33.13,33.13,31.15,32.15,6491469,600036
2020-02-04,32.61,32.61,31.53,31.59,8475964,600036
2020-02-05,31.34,31.34,30.62,30.72,7394279,600036
2020-02-06,30.43,30.82,30.3,30.56,3095006,600036
2020-02-07,30.48,31.25,30.08,30.68,11824313,600036
2020-02-10,30.86,31.22,30.63,30.96,9468350,600036
2020-02-11,31.11,31.37,31.11,31.32,4450647,600036
2020-02-12,31.67,31.69,31.13,31.44,1034442,600036
2020-02-13,31.53,31.6,31.37,31.54,2673392,600036
2020-02-14,31.46,31.82,31.33,31.61,7841636,600036
2020-02-17,32.17,33.18,30.87,32.03,3159393,600036
2020-02-18,31.72,31.97,30.32,31.08,1803052,600036
2020-02-19,30.81,31.53,30.81,31.47,14361153,600036
2020-02-20,31.85,31.85,30.59,30.71,6224375,600036
2020-02-21,30.97,31.09,30.86,31.0,1451142,600036
2020-02-24,30.72,30.81,30.46,30.69,7726772,600036
2020-02-25,31.23,31.23,30.28,30.66,4387734,600036
2020-02-26,30.14,31.4,30.14,31.19,8101416,600036
2020-02-27,31.42,31.5,30.59,31.18,8489262,600036
2020-02-28,30.98,31.83,30.81,31.16,8553178,600036
2020-03-02,30.97,30.97,29.93,30.05,12410554,600036
2020-03-03,30.41,30.41,29.87,29.93,1821421,600036
2020-03-04,29.35,30.73,29.35,30.66,19596485,600036
2020-03-05,30.4,30.56,30.4,30.55,7944463,600036
2020-03-06,30.57,30.67,29.85,30.08,7286022,600036
2020-03-09,30.15,30.38,30.12,30.2,2985277,600036
2020-03-10,29.84,30.58,29.41,29.93,8188773,600036
2020-03-11,30.04,30.12,29.86,30.01,4921264,600036
2020-03-12,29.74,31.09,29.74,30.84,23566306,600036
2020-03-13,30.87,32.43,30.87,31.81,17200403,600036
2020-03-16,31.44,31.91,31.44,31.71,5377407,600036
2020-03-17,31.8,32.16,31.61,31.91,3563633,600036
2020-03-18,31.69,32.23,31.69,32.02,2535743,600036
2020-03-19,31.6,32.32,31.6,32.18,2449419,600036
2020-03-20,31.84,32.7,31.84,32.26,4871800,600036
2020-03-23,32.64,32.76,31.92,32.4,7440852,600036
2020-03-24,31.83,32.79,31.62,32.26,4599060,600036
2020-03-25,32.35,32.35,31.69,31.92,6919329,600036
2020-03-26,32.4,32.55,31.73,32.12,3576610,600036
2020-03-27,32.38,32.38,31.44,31.45,5266916,600036
2020-03-30,31.75,31.75,31.12,31.13,2746699,600036
2020-03-31,30.6,31.51,30.6,31.2,14182706,600036
2020-04-01,30.9,30.9,30.37,30.52,10777048,600036
2020-04-02,30.68,30.68,30.35,30.36,10891689,600036
2020-04-03,29.93,30.14,29.72,29.95,5105316,600036
2020-04-06,29.48,29.7,29.48,29.66,8690357,600036
2020-04-07,29.56,29.56,28.94,29.05,2780823,600036
2020-04-08,29.05,29.05,27.75,28.01,11453894,600036
2020-04-09,28.72,28.72,28.16,28.16,13386214,600036
2020-04-10,28.36,28.36,26.83,27.21,18432340,600036
2020-04-13,27.33,27.33,27.03,27.1,1309531,600036
2020-04-14,27.1,27.1,26.77,26.9,9630778,600036
2020-04-15,26.98,26.98,26.48,26.63,2347460,600036
2020-04-16,26.26,26.26,25.53,25.57,10154814,600036
2020-04-17,25.5,26.47,25.5,26.18,4963459,600036
2020-04-20,25.91,26.63,25.91,26.42,12372649,600036
2020-04-21,26.08,26.75,25.62,26.08,1473472,600036
2020-04-22,26.33,26.82,26.33,26.69,4287949,600036
2020-04-23,26.61,26.61,26.17,26.26,6762021,600036
2020-04-24,26.67,26.67,25.93,25.95,17215611,600036
2020-04-27,26.06,26.92,26.06,26.59,9573884,600036
2020-04-28,26.84,26.84,26.13,26.22,3008730,600036
2020-04-29,26.32,26.32,25.84,25.89,9085636,600036
2020-04-30,26.13,26.13,25.83,25.91,10016251,600036
2020-05-01,25.47,26.01,25.47,25.95,10997535,600036
2020-05-04,25.81,26.23,25.81,26.02,2958577,600036
2020-05-05,25.72,25.96,25.28,25.73,12197155,600036
2020-05-06,25.51,25.51,24.59,25.09,2561616,600036
2020-05-07,25.03,25.06,24.93,24.99,3180328,600036
2020-05-08,25.35,25.35,23.55,23.85,14108685,600036
2020-05-11,23.97,24.09,23.44,23.62,6356516,600036
2020-05-12,23.65,24.36,23.65,23.97,4930983,600036
2020-05-13,24.18,24.18,23.87,23.92,10493909,600036
2020-05-14,23.84,24.19,23.84,24.15,13496295,600036
2020-05-15,24.18,24.96,24.18,24.64,6684935,600036
2020-05-18,24.67,24.77,24.45,24.57,8597627,600036
2020-05-19,24.66,24.66,24.27,24.29,7662312,600036
2020-05-20,23.94,24.58,23.67,24.09,1890364,600036
2020-05-21,23.58,24.91,23.58,24.51,18775293,600036
2020-05-22,24.45,24.45,24.02,24.09,2818463,600036
2020-05-25,24.2,24.27,23.5,23.84,8391432,600036
2020-05-26,24.01,24.01,23.68,23.78,5453189,600036
2020-05-27,23.92,24.28,23.66,23.92,4298234,600036
2020-05-28,23.7,23.86,23.41,23.65,8676378,600036
2020-05-29,23.85,23.85,23.0,23.25,13533009,600036
2020-06-01,23.12,23.12,22.37,22.4,3023823,600036
2020-06-02,22.27,22.47,22.27,22.38,4001716,600036
2020-06-03,22.66,22.87,22.36,22.63,3108954,600036
2020-06-04,22.86,22.86,22.42,22.63,13902573,600036
2020-06-05,23.03,23.03,22.67,22.69,2113141,600036
2020-06-08,22.73,22.73,22.29,22.37,12519639,600036
2020-06-09,22.33,22.55,22.0,22.27,8022954,600036
2020-06-10,22.72,22.72,21.63,21.77,2973142,600036
2020-06-11,21.86,22.12,21.38,21.72,10443594,600036
2020-06-12,21.69,22.09,21.52,21.8,3271729,600036
2020-06-15,21.84,21.84,21.4,21.4,17427176,600036
2020-06-16,21.45,21.7,21.33,21.48,4801513,600036
2020-06-17,21.54,21.54,21.06,21.3,7976177,600036
2020-06-18,21.35,21.35,20.85,20.96,3598583,600036
2020-06-19,20.67,22.72,20.67,22.66,13581847,600036
2020-06-22,23.05,23.06,22.81,22.97,2229854,600036
2020-06-23,23.0,23.0,22.89,22.91,8298050,600036
2020-06-24,22.47,23.59,22.47,23.15,1783983,600036
2020-06-25,23.36,23.36,22.77,22.92,6162487,600036
2020-06-26,23.06,23.06,22.63,22.71,3654243,600036
2020-06-29,22.61,22.61,22.37,22.5,3598777,600036
2020-06-30,22.54,22.64,22.54,22.6,1603402,600036
2020-07-01,23.26,23.76,22.36,23.07,2384818,600036
2020-07-02,22.83,23.17,22.83,23.02,780438,600036
2020-07-03,22.8,23.34,22.8,23.06,13412074,600036
2020-07-06,22.89,23.08,22.89,23.04,8745121,600036
2020-07-07,23.09,23.23,22.88,23.03,3421154,600036
2020-07-08,22.72,23.7,22.72,23.58,2538485,600036
2020-07-09,23.34,23.93,23.34,23.71,1740807,600036
2020-07-10,23.45,23.45,22.17,22.31,16570613,600036
2020-07-13,22.36,22.94,22.36,22.76,13419934,600036
2020-07-14,22.53,22.98,22.17,22.68,10379006,600036
2020-07-15,22.77,23.36,22.71,23.0,1423414,600036
2020-07-16,23.21,23.21,23.06,23.08,7971463,600036
2020-07-17,22.98,24.2,22.98,24.02,13787877,600036
2020-07-20,24.12,24.12,23.58,23.64,7541378,600036
2020-07-21,23.65,25.26,23.65,24.99,2676530,600036
2020-07-22,24.94,24.94,24.56,24.76,1043192,600036
2020-07-23,24.63,26.09,24.63,25.78,17246733,600036
2020-07-24,25.9,26.01,25.07,25.52,4324174,600036
2020-07-27,25.34,25.55,24.81,25.34,7638742,600036
2020-07-28,25.24,25.24,24.95,25.03,5875244,600036
2020-07-29,25.01,26.15,25.01,25.98,6811397,600036
2020-07-30,25.77,26.21,25.77,26.14,7580964,600036
2020-07-31,26.55,27.14,26.51,26.81,8491845,600036
2020-08-03,26.47,27.49,25.67,26.65,3793922,600036
2020-08-04,27.26,27.26,26.63,26.73,1407464,600036
2020-08-05,27.15,27.15,26.64,26.76,3776981,600036
2020-08-06,27.06,27.14,25.83,26.41,9471563,600036
2020-08-07,26.8,26.8,25.98,26.14,2567074,600036
2020-08-10,26.3,26.3,25.67,25.84,6802051,600036
2020-08-11,26.34,26.34,25.7,25.84,4370982,600036
2020-08-12,25.8,26.07,25.4,25.79,6080776,600036
2020-08-13,25.75,26.24,25.32,25.71,1612700,600036
2020-08-14,25.97,25.97,25.12,25.4,13778077,600036
2020-08-17,24.99,25.99,24.99,25.85,12700481,600036
2020-08-18,26.26,26.26,25.67,25.81,11816322,600036
2020-08-19,25.92,26.4,25.92,26.3,2016211,600036
2020-08-20,26.12,26.9,26.12,26.83,22117198,600036
2020-08-21,26.83,26.83,26.22,26.46,3751249,600036
2020-08-24,26.51,26.74,26.51,26.73,5893288,600036
2020-08-25,27.04,27.04,26.48,26.62,9833440,600036
2020-08-26,26.53,27.54,26.53,26.95,6201179,600036
2020-08-27,26.73,27.54,26.73,27.45,11499922,600036
2020-08-28,27.71,27.71,26.32,26.38,19492150,600036
2020-08-31,26.12,27.07,26.12,26.55,10384886,600036
2020-09-01,26.82,26.82,26.55,26.66,12615840,600036
2020-09-02,26.47,27.08,26.32,26.63,11312128,600036
2020-09-03,26.61,26.95,26.28,26.59,5577539,600036
2020-09-04,26.22,26.54,25.93,26.32,3476743,600036
2020-09-07,26.5,26.5,25.26,26.01,3300307,600036
2020-09-08,25.5,26.04,25.5,25.91,10022520,600036
2020-09-09,26.22,26.22,25.39,25.59,17975439,600036
2020-09-10,25.97,26.71,25.97,26.67,22450640,600036
2020-09-11,26.31,26.31,24.86,24.95,4720375,600036
2020-09-14,25.3,25.3,24.64,24.85,9037539,600036
2020-09-15,24.58,24.9,24.13,24.64,2761862,600036
2020-09-16,24.48,25.67,24.41,24.94,6284941,600036
2020-09-17,24.9,25.56,24.9,25.34,3711505,600036
2020-09-18,24.99,24.99,24.54,24.69,4138184,600036
2020-09-21,24.74,24.74,24.57,24.62,10430457,600036
2020-09-22,24.95,24.95,24.35,24.36,14954318,600036
2020-09-23,24.64,24.74,24.48,24.62,6571725,600036
2020-09-24,24.79,24.79,23.97,24.1,6468178,600036
2020-09-25,24.3,24.57,24.1,24.31,1897562,600036
2020-09-28,24.21,24.39,23.71,24.04,3821333,600036
2020-09-29,23.84,24.05,23.74,23.87,2415783,600036
2020-09-30,23.94,23.94,22.0,22.18,14915372,600036
2020-10-01,22.26,22.4,22.26,22.35,5898915,600036
2020-10-02,22.53,22.53,21.91,21.92,8545171,600036
2020-10-05,21.83,21.83,21.09,21.41,1269843,600036
2020-10-06,21.99,21.99,19.67,19.72,4476973,600036
2020-10-07,19.73,21.49,19.73,21.2,17086498,600036
2020-10-08,20.77,21.26,20.32,20.74,6485004,600036
2020-10-09,20.65,20.65,20.58,20.6,4771674,600036
2020-10-12,20.66,20.82,20.66,20.8,3252472,600036
2020-10-13,20.77,21.13,20.7,20.87,2449918,600036
2020-10-14,20.79,21.82,20.79,21.46,2985531,600036
2020-10-15,21.46,21.58,21.08,21.34,3594163,600036
2020-10-16,21.5,21.64,21.39,21.54,5381253,600036
2020-10-19,21.6,22.17,21.6,21.93,9677513,600036
2020-10-20,22.21,22.21,20.86,21.46,13781551,600036
2020-10-21,21.16,21.71,21.16,21.61,11002915,600036
2020-10-22,21.48,21.48,19.87,20.18,14358292,600036
2020-10-23,20.33,20.33,20.22,20.23,4785376,600036
2020-10-26,20.18,20.71,20.18,20.69,6684393,600036
2020-10-27,20.9,21.05,20.9,21.05,2107044,600036
2020-10-28,21.05,21.25,21.05,21.23,6234188,600036
2020-10-29,21.06,21.06,20.64,20.77,9254519,600036
2020-10-30,20.69,21.48,20.69,21.12,12947150,600036
2020-11-02,21.31,21.49,21.26,21.34,12253375,600036
2020-11-03,21.31,21.31,20.82,20.85,13870468,600036
2020-11-04,20.21,21.72,20.21,21.67,9976462,600036
2020-11-05,21.86,22.01,21.22,21.6,7016921,600036
2020-11-06,21.26,21.86,21.26,21.57,4258797,600036
2020-11-09,21.73,21.73,20.87,21.03,4249678,600036
2020-11-10,21.33,21.44,20.92,21.15,4569220,600036
2020-11-11,21.24,22.03,21.24,21.71,13873385,600036
2020-11-12,21.74,21.74,21.08,21.29,2951788,600036
2020-11-13,21.27,21.64,21.27,21.53,2729948,600036
2020-11-16,21.31,21.31,20.92,20.93,4438217,600036
2020-11-17,20.9,22.26,20.9,22.16,2533591,600036
2020-11-18,22.31,22.31,22.15,22.18,6163993,600036
2020-11-19,22.09,22.15,21.86,22.02,6503734,600036
2020-11-20,22.04,22.04,20.53,20.57,9261938,600036
2020-11-23,20.7,20.95,20.54,20.8,1333622,600036
2020-11-24,20.8,20.8,20.2,20.43,11458580,600036
2020-11-25,20.27,20.77,20.27,20.63,7575182,600036
2020-11-26,20.51,20.88,20.51,20.78,11838232,600036
2020-11-27,20.91,21.34,20.54,20.99,3679829,600036
2020-11-30,20.54,20.72,20.33,20.53,4550194,600036
2020-12-01,20.57,20.57,20.34,20.34,9709604,600036
2020-12-02,20.29,20.58,20.29,20.56,8043808,600036
2020-12-03,20.76,20.76,20.35,20.35,4307631,600036
2020-12-04,19.9,20.91,19.9,20.69,21354335,600036
2020-12-07,20.65,21.35,20.65,21.07,28648900,600036
2020-12-08,21.3,21.3,20.27,20.56,14029317,600036
2020-12-09,20.76,21.14,20.76,20.9,4240953,600036
2020-12-10,20.54,22.12,20.54,22.12,11287958,600036
2020-12-11,22.1,22.1,21.95,22.02,7466228,600036
2020-12-14,22.2,23.36,22.2,23.16,10296847,600036
2020-12-15,23.07,23.07,22.64,22.8,6446792,600036
2020-12-16,22.9,23.07,22.34,22.6,9064178,600036
2020-12-17,22.77,22.83,22.46,22.64,940278,600036
2020-12-18,22.58,22.82,22.58,22.77,6490623,600036
2020-12-21,22.57,23.03,22.57,23.03,3060979,600036
2020-12-22,22.82,22.84,22.2,22.63,5740177,600036
2020-12-23,22.74,23.78,22.74,23.69,2347288,600036
2020-12-24,23.19,23.9,23.19,23.68,8395071,600036
2020-12-25,23.86,23.9,23.61,23.75,5049669,600036
2020-12-28,23.67,24.05,23.67,23.94,2402700,600036
2020-12-29,23.65,24.09,23.65,24.03,2836835,600036
2020-12-30,23.69,23.69,23.65,23.67,6411182,600036
2020-12-31,23.57,24.01,23.57,23.95,9546181,600036
2021-01-01,23.66,23.77,23.51,23.64,8750605,600036
2021-01-04,23.72,23.72,23.52,23.57,9884032,600036
2021-01-05,23.98,23.98,22.85,23.31,13150623,600036
2021-01-06,23.47,23.92,23.3,23.58,6272219,600036
2021-01-07,23.54,24.21,23.54,24.01,6245091,600036
2021-01-08,24.37,24.37,22.87,23.43,7385306,600036
2021-01-11,23.96,23.96,23.27,23.59,11936789,600036
2021-01-12,23.68,23.68,23.4,23.48,3529611,600036
2021-01-13,23.55,23.91,23.55,23.88,1954384,600036
2021-01-14,24.11,24.11,23.78,23.94,4601716,600036
2021-01-15,23.91,23.91,23.32,23.48,8266443,600036
2021-01-18,23.35,23.91,23.35,23.89,15736466,600036
2021-01-19,23.78,24.87,23.78,24.4,16622737,600036
2021-01-20,24.23,24.23,23.68,23.71,9580517,600036
2021-01-21,23.91,24.32,23.81,24.07,4143982,600036
2021-01-22,23.97,23.97,23.55,23.72,3619777,600036
2021-01-25,23.79,23.79,21.92,22.29,24156363,600036
2021-01-26,22.35,22.35,21.61,21.68,14445970,600036
2021-01-27,21.56,22.32,21.56,21.99,10940096,600036
2021-01-28,22.34,22.34,21.83,21.89,10604471,600036
2021-01-29,21.93,21.96,21.57,21.73,7405590,600036
2021-02-01,21.64,21.79,21.64,21.73,8338613,600036
2021-02-02,21.36,21.85,21.36,21.71,10398303,600036
2021-02-03,21.72,21.72,21.6,21.67,5656046,600036
2021-02-04,21.73,23.88,21.73,23.85,18778785,600036
2021-02-05,23.46,24.01,23.22,23.55,5644430,600036
2021-02-08,23.47,24.61,23.47,24.03,20539372,600036
2021-02-09,23.91,24.54,23.67,24.0,11527261,600036
2021-02-10,23.61,23.69,23.61,23.69,4097812,600036
2021-02-11,23.42,24.57,23.42,24.45,12107306,600036
2021-02-12,24.89,24.89,23.66,23.76,10126651,600036
2021-02-15,23.71,23.82,23.62,23.7,2562294,600036
2021-02-16,23.9,25.57,23.9,25.49,9952742,600036
2021-02-17,25.75,25.75,24.68,25.17,11021283,600036
2021-02-18,25.39,25.5,25.23,25.35,6796767,600036
2021-02-19,25.01,25.99,25.01,25.63,6788982,600036
2021-02-22,25.21,25.74,25.21,25.57,5996910,600036
2021-02-23,25.59,26.2,25.59,26.18,15688643,600036
2021-02-24,25.75,26.37,25.75,26.2,3327081,600036
2021-02-25,26.11,26.42,26.11,26.38,3616275,600036
2021-02-26,26.48,27.48,26.48,27.46,12283405,600036
2021-03-01,27.42,27.42,26.81,27.05,3676457,600036
2021-03-02,26.61,26.61,26.17,26.17,10008455,600036
2021-03-03,25.7,25.91,25.7,25.88,1719520,600036
2021-03-04,26.02,26.48,25.6,26.06,6635636,600036
2021-03-05,25.8,26.81,25.8,26.37,4008600,600036
2021-03-08,26.38,26.52,25.83,26.33,9067168,600036
2021-03-09,26.57,26.65,26.45,26.53,4406645,600036
2021-03-10,26.7,26.7,25.72,25.77,20755388,600036
2021-03-11,26.14,26.14,25.24,25.44,10890788,600036
2021-03-12,25.02,25.02,24.52,24.58,4587336,600036
2021-03-15,24.41,24.41,24.21,24.22,9566061,600036
2021-03-16,24.11,25.77,24.11,25.51,3254209,600036
2021-03-17,25.55,25.55,24.75,25.05,2443997,600036
2021-03-18,25.12,25.12,24.51,24.55,15085320,600036
2021-03-19,24.37,24.38,23.94,24.26,10011769,600036
2021-03-22,24.49,24.49,23.89,23.97,5285132,600036
2021-03-23,23.67,24.48,23.67,24.4,13073798,600036
2021-03-24,24.39,24.74,24.39,24.6,11364873,600036
2021-03-25,24.86,24.86,24.31,24.4,12081307,600036
2021-03-26,24.43,24.43,21.89,22.38,10084655,600036
2021-03-29,22.4,22.57,22.23,22.44,8718677,600036
2021-03-30,22.63,22.63,22.02,22.13,5706484,600036
2021-03-31,21.93,21.93,21.19,21.23,1656963,600036
2021-04-01,21.47,21.72,21.21,21.41,2200029,600036
2021-04-02,21.48,21.65,21.05,21.47,10349905,600036
2021-04-05,21.41,21.63,21.0,21.29,14457654,600036
2021-04-06,21.73,21.92,21.73,21.87,4648834,600036
2021-04-07,21.74,22.18,21.74,22.12,10716961,600036
2021-04-08,22.06,22.65,22.06,22.51,16362977,600036
2021-04-09,22.22,22.39,21.99,22.16,2029867,600036
2021-04-12,22.45,22.92,22.38,22.61,2429338,600036
2021-04-13,22.68,22.68,22.25,22.36,10647316,600036
2021-04-14,22.68,22.68,22.12,22.13,6520628,600036
2021-04-15,21.94,21.94,21.73,21.77,1077825,600036
2021-04-16,21.64,21.77,21.42,21.6,12018692,600036
2021-04-19,21.53,21.8,21.35,21.61,6114154,600036
2021-04-20,21.75,21.75,21.46,21.54,6656443,600036
2021-04-21,21.41,21.41,21.1,21.15,8371012,600036
2021-04-22,21.59,21.59,20.45,20.97,5551259,600036
2021-04-23,21.08,21.08,20.81,20.86,8549060,600036
2021-04-26,21.06,21.06,18.78,19.01,5244260,600036
2021-04-27,18.99,19.4,18.99,19.4,22477433,600036
2021-04-28,19.59,19.59,19.07,19.14,4472130,600036
2021-04-29,18.96,19.45,18.96,19.37,3738738,600036
2021-04-30,19.47,19.47,19.4,19.42,8713680,600036
2021-05-03,19.38,19.89,19.38,19.78,16211457,600036
2021-05-04,19.65,20.04,19.39,19.87,13282325,600036
2021-05-05,19.71,20.2,19.71,19.91,7479607,600036
2021-05-06,19.93,20.65,19.93,20.44,16173870,600036
2021-05-07,20.41,20.41,19.71,19.93,10615354,600036
2021-05-10,19.94,20.2,19.87,20.08,4073837,600036
2021-05-11,20.17,20.17,19.84,19.89,5429154,600036
2021-05-12,19.87,20.24,19.87,20.1,4564194,600036
2021-05-13,20.27,20.47,20.01,20.25,6431336,600036
2021-05-14,20.33,20.47,19.64,20.19,10588712,600036
2021-05-17,20.26,20.66,20.26,20.58,10232111,600036
2021-05-18,20.74,20.74,20.16,20.26,3064003,600036
2021-05-19,20.24,20.66,20.24,20.49,6619646,600036
2021-05-20,20.62,20.8,20.41,20.59,9044446,600036
2021-05-21,20.66,20.66,20.51,20.52,2268728,600036
2021-05-24,20.26,20.87,20.26,20.62,10792454,600036
2021-05-25,21.29,21.81,20.71,21.04,10050644,600036
2021-05-26,20.63,21.57,20.63,21.24,10998744,600036
2021-05-27,21.27,21.83,21.27,21.67,9424449,600036
2021-05-28,21.4,22.22,21.4,22.03,16394916,600036
2021-05-31,22.11,22.91,22.02,22.42,5971778,600036
2021-06-01,22.25,23.16,22.12,22.62,9465582,600036
2021-06-02,22.35,22.97,22.35,22.79,3945788,600036
2021-06-03,22.86,23.03,22.83,22.97,8905579,600036
2021-06-04,23.28,23.28,22.93,23.03,7959747,600036
2021-06-07,22.86,22.86,22.54,22.65,4817403,600036
2021-06-08,22.86,22.86,21.37,21.6,15620282,600036
2021-06-09,21.61,21.61,21.13,21.35,10536706,600036
2021-06-10,21.89,21.89,19.79,19.95,8456333,600036
2021-06-11,20.03,20.51,19.55,20.03,9046484,600036
2021-06-14,19.91,21.0,19.91,20.53,4748464,600036
2021-06-15,20.68,21.07,20.68,20.88,2333174,600036
2021-06-16,20.84,21.11,20.84,21.06,3558908,600036
2021-06-17,21.38,21.38,20.49,20.91,5496196,600036
2021-06-18,20.96,20.96,20.44,20.57,7049300,600036
2021-06-21,20.53,20.53,20.11,20.33,8771045,600036
2021-06-22,20.28,20.28,20.02,20.05,5943935,600036
2021-06-23,19.89,20.7,19.89,20.41,12285072,600036
2021-06-24,20.65,20.65,19.07,19.29,7611065,600036
2021-06-25,19.21,19.33,19.13,19.22,12878520,600036
2021-06-28,19.29,19.29,19.13,19.17,12183465,600036
2021-06-29,19.17,19.79,19.17,19.57,8270788,600036
2021-06-30,19.82,19.82,19.17,19.21,7066964,600036
2021-07-01,19.08,19.4,18.72,19.16,3748545,600036
2021-07-02,19.07,19.07,18.47,18.77,4305227,600036
2021-07-05,19.13,19.13,18.46,18.55,13525941,600036
2021-07-06,18.47,18.47,17.45,17.48,10879937,600036
2021-07-07,17.59,17.59,17.04,17.13,12418291,600036
2021-07-08,17.02,17.2,17.02,17.14,1763889,600036
2021-07-09,17.0,17.82,17.0,17.57,26556562,600036
2021-07-12,17.59,17.59,17.13,17.3,2220965,600036
2021-07-13,17.09,17.09,17.06,17.07,2779972,600036
2021-07-14,17.14,17.14,16.42,16.48,8305127,600036
2021-07-15,16.36,16.49,16.26,16.37,9857984,600036
2021-07-16,16.2,16.45,16.13,16.27,5324912,600036
2021-07-19,16.33,16.33,16.23,16.25,5978262,600036
2021-07-20,16.09,16.43,16.09,16.36,2297674,600036
2021-07-21,16.05,17.9,16.05,17.62,8994334,600036
2021-07-22,17.95,17.95,17.66,17.7,5717881,600036
2021-07-23,17.59,17.69,17.54,17.64,8070589,600036
2021-07-26,17.65,17.92,17.55,17.79,13695793,600036
2021-07-27,17.84,17.84,17.28,17.38,2665282,600036
2021-07-28,17.2,17.28,17.1,17.2,10194246,600036
2021-07-29,17.29,17.6,16.1,16.82,9297807,600036
2021-07-30,16.8,16.8,16.2,16.25,21359604,600036
2021-08-02,15.81,16.17,15.76,15.99,14405926,600036
2021-08-03,16.09,16.69,16.09,16.63,16278176,600036
2021-08-04,16.78,16.78,16.22,16.23,14554615,600036
2021-08-05,16.26,16.44,16.17,16.33,8027403,600036
2021-08-06,16.41,16.64,16.25,16.42,13908510,600036
2021-08-09,16.14,18.16,16.14,17.95,15874851,600036
2021-08-10,17.8,18.01,17.8,17.95,8191757,600036
2021-08-11,17.91,18.55,17.91,18.52,4859531,600036
2021-08-12,18.63,18.63,18.44,18.48,7364859,600036
2021-08-13,18.35,18.49,18.1,18.23,2133081,600036
2021-08-16,17.89,18.3,17.89,18.15,4767147,600036
2021-08-17,17.82,18.7,17.82,18.63,28142224,600036
2021-08-18,18.78,19.47,18.78,19.26,16041891,600036
2021-08-19,18.98,19.11,18.93,19.01,1356605,600036
2021-08-20,19.03,19.13,18.99,19.05,4149694,600036
2021-08-23,19.03,19.05,18.84,18.99,1850314,600036
2021-08-24,19.15,19.22,18.99,19.09,6777664,600036
2021-08-25,19.05,19.05,18.61,18.73,1255666,600036
2021-08-26,18.5,19.02,18.5,18.85,5199321,600036
2021-08-27,18.49,19.44,18.49,19.34,5371191,600036
2021-08-30,19.42,19.42,19.17,19.26,5773406,600036
2021-08-31,19.29,19.78,19.22,19.47,10332343,600036
2021-09-01,19.83,19.99,19.48,19.78,4260922,600036
2021-09-02,19.82,20.0,19.82,19.92,1656228,600036
2021-09-03,19.78,19.78,19.14,19.48,7176484,600036
2021-09-06,19.75,19.86,19.75,19.84,5199578,600036
2021-09-07,20.07,20.07,19.65,19.74,6521863,600036
2021-09-08,19.75,19.97,19.58,19.8,5723655,600036
2021-09-09,19.46,19.95,19.39,19.75,3139210,600036
2021-09-10,19.67,20.06,19.67,19.93,9187461,600036
2021-09-13,20.1,20.1,19.7,19.78,12779675,600036
2021-09-14,19.43,19.43,19.33,19.36,6679498,600036
2021-09-15,19.27,19.27,18.99,19.1,5178936,600036
2021-09-16,19.2,19.2,18.91,18.94,14031602,600036
2021-09-17,19.04,19.04,18.76,18.83,1308256,600036
2021-09-20,18.73,19.71,18.73,19.6,15458058,600036
2021-09-21,19.45,20.34,19.45,20.24,13063247,600036
2021-09-22,20.46,20.46,19.88,19.91,15765776,600036
2021-09-23,20.16,20.33,19.62,19.96,6876850,600036
2021-09-24,19.4,20.21,19.4,20.12,13860427,600036
2021-09-27,20.23,20.47,19.64,20.15,4503400,600036
2021-09-28,20.01,20.01,18.5,18.52,2579469,600036
2021-09-29,18.3,19.13,18.18,18.7,12466551,600036
2021-09-30,18.79,19.24,18.79,19.13,9366682,600036
2021-10-01,19.21,19.21,18.61,18.88,2295400,600036
2021-10-04,18.77,18.8,18.42,18.62,2513374,600036
2021-10-05,18.4,18.55,18.21,18.4,4811667,600036
2021-10-06,18.35,18.35,17.98,18.02,7471389,600036
2021-10-07,18.3,18.3,18.08,18.12,9054759,600036
2021-10-08,18.04,18.29,18.04,18.23,5604702,600036
2021-10-11,18.18,18.75,18.15,18.39,8392426,600036
2021-10-12,18.38,18.83,18.27,18.5,1372839,600036
2021-10-13,18.56,18.56,16.87,17.17,13723187,600036
2021-10-14,16.99,17.57,16.99,17.47,11447390,600036
2021-10-15,17.55,17.55,16.76,16.77,9277235,600036
2021-10-18,16.92,16.92,16.42,16.6,5273715,600036
2021-10-19,16.63,16.97,16.63,16.88,5924992,600036
2021-10-20,16.72,17.12,16.72,16.9,1771310,600036
2021-10-21,16.85,16.85,16.28,16.42,9230665,600036
2021-10-22,16.49,16.49,15.81,15.84,4228390,600036
2021-10-25,15.91,15.91,15.38,15.53,16175379,600036
2021-10-26,15.48,16.02,15.48,15.94,23637836,600036
2021-10-27,16.1,16.83,16.1,16.58,26911778,600036
2021-10-28,16.64,16.64,16.57,16.58,8598210,600036
2021-10-29,16.77,17.07,16.45,16.72,5761799,600036
2021-11-01,16.74,16.74,16.31,16.39,7916602,600036
2021-11-02,16.28,16.7,15.96,16.34,9257458,600036
2021-11-03,16.19,16.19,15.66,15.89,1588077,600036
2021-11-04,15.78,15.8,15.76,15.78,7274036,600036
2021-11-05,15.66,16.11,15.59,15.9,4489717,600036
2021-11-08,15.97,16.18,15.95,16.12,9121014,600036
2021-11-09,16.18,16.18,15.33,15.63,10154368,600036
2021-11-10,15.49,15.7,15.49,15.68,8690138,600036
2021-11-11,15.61,16.0,15.61,15.84,8169736,600036
2021-11-12,15.9,16.02,15.78,15.94,4098309,600036
2021-11-15,15.94,16.71,15.94,16.56,11792303,600036
2021-11-16,16.66,16.66,16.29,16.35,6427099,600036
2021-11-17,16.42,16.42,16.18,16.21,5071896,600036
2021-11-18,16.35,16.58,16.35,16.53,9711368,600036
2021-11-19,16.42,16.6,16.3,16.4,4289972,600036
2021-11-22,16.35,16.44,16.35,16.43,8654679,600036
2021-11-23,16.22,16.34,16.13,16.27,1964897,600036
2021-11-24,16.23,17.57,16.23,17.57,9391429,600036
2021-11-25,17.66,17.66,17.52,17.53,2839716,600036
2021-11-26,17.59,17.59,17.17,17.2,12772394,600036
2021-11-29,17.31,17.32,17.17,17.23,12084444,600036
2021-11-30,17.08,17.47,17.08,17.36,9308482,600036
2021-12-01,17.13,17.61,16.92,17.32,3128105,600036
2021-12-02,17.36,17.43,16.84,17.01,1689589,600036
2021-12-03,17.21,17.21,16.85,16.97,5119022,600036
2021-12-06,16.96,17.33,16.96,17.31,15439320,600036
2021-12-07,17.15,17.35,17.15,17.3,6976300,600036
2021-12-08,17.45,17.84,17.45,17.66,10488107,600036
2021-12-09,17.89,18.01,17.89,17.98,8901899,600036
2021-12-10,17.75,17.75,17.64,17.65,1489663,600036
2021-12-13,17.79,17.79,17.19,17.39,17396228,600036
2021-12-14,17.58,18.26,17.58,17.97,9835504,600036
2021-12-15,17.5,18.45,17.5,18.41,7935230,600036
2021-12-16,18.5,18.56,18.27,18.41,1970354,600036
2021-12-17,18.23,18.23,18.14,18.15,4178011,600036
2021-12-20,18.17,18.45,18.1,18.25,5057732,600036
2021-12-21,17.93,18.08,17.58,17.87,1020533,600036
2021-12-22,17.9,18.11,17.53,17.84,7925788,600036
2021-12-23,17.68,18.4,17.68,18.37,22121295,600036
2021-12-24,18.27,18.27,17.54,17.9,4078316,600036
2021-12-27,17.84,18.07,16.73,17.35,13617900,600036
2021-12-28,17.41,17.59,17.41,17.54,9260589,600036
2021-12-29,17.36,17.69,17.36,17.67,7677970,600036
2021-12-30,17.45,18.0,17.45,17.78,6199403,600036
2021-12-31,17.74,17.74,17.68,17.7,3064741,600036
2022-01-03,17.54,18.31,17.54,17.97,25413201,600036
2022-01-04,18.02,18.27,17.99,18.11,5236668,600036
2022-01-05,17.98,18.54,17.98,18.29,5932534,600036
2022-01-06,18.55,18.55,18.02,18.04,8261830,600036
2022-01-07,18.12,18.38,17.54,17.91,10921453,600036
2022-01-10,17.98,18.11,17.86,17.96,12569131,600036
2022-01-11,17.8,18.13,17.8,17.98,6648721,600036
2022-01-12,17.75,18.07,17.75,18.04,12779438,600036
2022-01-13,18.13,18.56,17.99,18.23,7693927,600036
2022-01-14,17.98,18.83,17.98,18.54,7672080,600036
2022-01-17,18.44,19.34,18.44,19.05,3424900,600036
2022-01-18,19.17,19.64,19.1,19.4,7387205,600036
2022-01-19,19.41,20.45,19.41,20.4,19626911,600036
2022-01-20,20.23,20.23,19.81,19.9,4750981,600036
2022-01-21,19.57,20.18,19.39,19.88,1510644,600036
2022-01-24,19.89,19.89,19.62,19.64,9667470,600036
2022-01-25,19.65,19.87,19.65,19.85,7206994,600036
2022-01-26,20.11,20.11,19.78,19.83,3607335,600036
2022-01-27,19.39,20.49,19.39,20.03,6220404,600036
2022-01-28,19.82,19.82,19.34,19.52,2415780,600036
2022-01-31,19.64,20.22,19.64,20.14,9148834,600036
2022-02-01,20.4,20.67,19.93,20.32,12943192,600036
2022-02-02,20.07,20.63,20.07,20.55,7705982,600036
2022-02-03,20.34,20.92,20.34,20.73,5795918,600036
2022-02-04,20.46,20.46,19.26,19.41,10169748,600036
2022-02-07,19.61,21.21,19.61,20.95,21435569,600036
2022-02-08,20.8,21.22,20.8,21.18,7363168,600036
2022-02-09,21.39,22.03,21.16,21.55,2039058,600036
2022-02-10,21.73,21.73,21.53,21.65,10397102,600036
2022-02-11,21.85,21.85,21.54,21.74,7316403,600036
2022-02-14,21.76,22.42,21.76,22.14,1759738,600036
2022-02-15,22.1,22.41,22.1,22.37,5068069,600036
2022-02-16,22.45,22.78,21.91,22.48,5309371,600036
2022-02-17,22.8,22.8,21.72,21.82,10333724,600036
2022-02-18,21.55,21.55,21.08,21.21,11719237,600036
2022-02-21,21.61,21.62,20.85,21.3,3291281,600036
2022-02-22,21.31,21.31,21.01,21.14,8506780,600036
2022-02-23,21.14,21.59,20.94,21.33,1621835,600036
2022-02-24,21.56,21.56,21.07,21.14,3723506,600036
2022-02-25,21.15,21.15,19.15,19.33,15554011,600036
2022-02-28,19.28,19.5,19.25,19.4,7182732,600036
2022-03-01,19.42,20.15,19.42,20.04,16323038,600036
2022-03-02,20.19,20.19,19.9,20.03,1297149,600036
2022-03-03,20.05,20.16,20.05,20.13,4310092,600036
2022-03-04,20.03,20.38,20.03,20.33,7256010,600036
2022-03-07,20.24,20.24,19.76,19.8,7334140,600036
2022-03-08,19.87,20.0,19.59,19.82,2168846,600036
2022-03-09,19.72,20.19,19.72,20.05,13708798,600036
2022-03-10,20.09,20.52,20.09,20.4,1942341,600036
2022-03-11,20.02,20.48,19.31,19.89,5715430,600036
2022-03-14,20.07,20.41,20.07,20.24,2859441,600036
2022-03-15,20.12,20.62,20.12,20.29,8476862,600036
2022-03-16,20.07,20.39,20.07,20.33,11883862,600036
2022-03-17,20.58,20.58,20.12,20.16,5083553,600036
2022-03-18,20.13,20.3,20.13,20.25,8070474,600036
2022-03-21,19.94,20.25,19.83,20.12,6606340,600036
2022-03-22,20.1,20.3,20.07,20.2,4763736,600036
2022-03-23,19.85,20.41,19.85,20.22,1833661,600036
2022-03-24,20.41,20.41,18.75,19.27,4924305,600036
2022-03-25,19.39,20.1,19.39,20.02,10285835,600036
2022-03-28,20.0,20.0,19.48,19.59,9633395,600036
2022-03-29,19.62,19.62,19.46,19.46,1794934,600036
2022-03-30,19.52,19.97,19.52,19.91,2449285,600036
2022-03-31,20.16,20.16,19.71,19.74,10482322,600036
2022-04-01,19.77,20.12,19.77,19.96,3684967,600036
2022-04-04,19.63,20.38,19.63,20.29,3399105,600036
2022-04-05,20.29,20.49,20.17,20.38,4846103,600036
2022-04-06,20.33,20.33,19.73,19.93,8868633,600036
2022-04-07,20.0,20.1,19.94,20.04,7684127,600036
2022-04-08,20.43,20.43,19.87,19.91,9707708,600036
2022-04-11,20.2,20.2,20.01,20.01,5787713,600036
2022-04-12,20.08,21.58,20.08,21.5,16631952,600036
2022-04-13,21.64,21.64,21.54,21.59,5136250,600036
2022-04-14,21.84,21.84,20.28,20.51,6469534,600036
2022-04-15,20.26,20.54,20.01,20.37,6281150,600036
2022-04-18,20.2,20.37,20.2,20.29,1653898,600036
2022-04-19,20.4,20.66,20.3,20.53,6581019,600036
2022-04-20,20.7,20.7,18.94,19.11,4385094,600036
2022-04-21,18.95,19.0,18.95,19.0,6058107,600036
2022-04-22,19.16,19.16,18.65,18.79,4907138,600036
2022-04-25,18.84,18.95,18.84,18.92,5762129,600036
2022-04-26,18.57,18.62,18.43,18.54,3741432,600036
2022-04-27,18.5,19.12,18.5,19.07,8678207,600036
2022-04-28,19.17,19.17,18.77,18.78,10269140,600036
2022-04-29,18.82,19.19,18.82,19.0,3808434,600036
2022-05-02,18.89,19.06,18.89,19.01,6381631,600036
2022-05-03,19.23,19.32,19.23,19.31,7333524,600036
2022-05-04,19.26,19.38,19.14,19.29,1627819,600036
2022-05-05,19.22,19.39,19.22,19.31,7369119,600036
2022-05-06,19.4,19.59,19.39,19.47,8538017,600036
2022-05-09,19.44,19.44,19.01,19.18,4860280,600036
2022-05-10,19.24,19.46,19.22,19.31,6667101,600036
2022-05-11,19.28,19.28,18.72,19.08,9120765,600036
2022-05-12,19.28,19.28,18.78,18.82,15741568,600036
2022-05-13,19.0,19.12,18.91,18.99,4402817,600036
2022-05-16,18.91,18.91,18.73,18.79,7137186,600036
2022-05-17,18.77,19.39,18.63,18.97,1094794,600036
2022-05-18,18.82,19.1,18.82,19.09,8719856,600036
2022-05-19,18.7,19.09,18.7,18.99,6698151,600036
2022-05-20,18.93,18.93,18.7,18.7,9235929,600036
2022-05-23,18.93,19.39,18.69,18.96,3365713,600036
2022-05-24,19.21,19.21,18.59,18.79,13769650,600036
2022-05-25,18.79,18.79,17.98,18.05,12302009,600036
2022-05-26,18.08,18.11,17.97,18.05,3502166,600036
2022-05-27,17.84,18.23,17.84,18.04,4452763,600036
2022-05-30,18.17,18.17,17.37,17.48,8042497,600036
2022-05-31,17.54,17.57,16.97,17.26,3410922,600036
2022-06-01,17.37,17.37,16.44,16.5,11510945,600036
2022-06-02,16.6,16.6,16.41,16.41,6529851,600036
2022-06-03,16.4,16.47,16.35,16.39,1570576,600036
2022-06-06,16.4,16.4,16.14,16.18,14140152,600036
2022-06-07,16.21,16.21,15.68,15.77,12008648,600036
2022-06-08,15.81,15.94,15.74,15.81,7583585,600036
2022-06-09,15.92,15.92,15.48,15.51,5130891,600036
2022-06-10,15.46,15.68,15.26,15.41,11122770,600036
2022-06-13,15.61,15.61,15.06,15.35,8540321,600036
2022-06-14,15.33,15.56,15.33,15.44,1450488,600036
2022-06-15,15.64,15.64,15.2,15.41,10437718,600036
2022-06-16,15.17,16.1,15.17,15.66,21074562,600036
2022-06-17,15.77,16.0,15.77,15.95,8738086,600036
2022-06-20,16.15,16.15,15.68,15.82,2046514,600036
2022-06-21,15.77,16.07,15.68,15.95,7102716,600036
2022-06-22,15.68,17.15,15.68,17.02,17779714,600036
2022-06-23,16.95,17.05,16.68,16.85,5513193,600036
2022-06-24,17.02,17.12,16.77,16.95,5331257,600036
2022-06-27,17.0,17.02,16.72,16.92,6013918,600036
2022-06-28,17.02,17.38,16.62,17.04,4059213,600036
2022-06-29,17.16,18.63,17.16,18.52,5171701,600036
2022-06-30,18.29,18.8,18.27,18.52,5878169,600036
2022-07-01,18.54,19.05,18.54,18.88,6345722,600036
2022-07-04,18.66,19.12,18.36,18.7,12894767,600036
2022-07-05,18.61,19.02,18.61,18.87,4603931,600036
2022-07-06,18.88,20.8,18.88,20.43,15116487,600036
2022-07-07,20.44,20.44,19.95,20.08,9887167,600036
2022-07-08,20.41,20.49,20.41,20.45,5717709,600036
2022-07-11,20.34,20.34,19.84,20.03,5049912,600036
2022-07-12,20.13,20.13,19.45,19.55,13786076,600036
2022-07-13,19.44,19.54,19.17,19.34,1528434,600036
2022-07-14,19.06,19.7,19.06,19.58,21038541,600036
2022-07-15,19.51,19.51,18.55,18.75,6618471,600036
2022-07-18,18.52,18.99,18.52,18.89,7461188,600036
2022-07-19,18.79,19.05,18.79,18.93,6903543,600036
2022-07-20,19.07,19.07,18.7,18.73,9277287,600036
2022-07-21,18.63,18.85,18.63,18.82,2359066,600036
2022-07-22,18.98,18.98,18.08,18.41,8850275,600036
2022-07-25,18.84,18.9,17.9,18.38,3419067,600036
2022-07-26,18.37,19.14,17.79,18.43,14511974,600036
2022-07-27,18.33,18.33,18.26,18.28,7506871,600036
2022-07-28,18.07,18.17,18.07,18.14,4440039,600036
2022-07-29,17.94,18.95,17.94,18.82,3577141,600036
2022-08-01,18.61,20.3,18.61,20.3,18502938,600036
2022-08-02,20.2,20.47,20.2,20.4,5269323,600036
2022-08-03,20.2,20.48,20.09,20.24,3185103,600036
2022-08-04,20.26,20.59,20.26,20.48,5925750,600036
2022-08-05,20.53,20.77,19.47,20.11,15157743,600036
2022-08-08,20.26,20.26,19.99,20.12,6825695,600036
2022-08-09,19.97,20.51,19.97,20.5,4987252,600036
2022-08-10,20.75,22.37,20.75,22.34,6377749,600036
2022-08-11,22.26,22.35,21.66,22.08,9636758,600036
2022-08-12,21.9,21.9,21.42,21.55,10070667,600036
2022-08-15,21.36,21.93,21.36,21.84,13849478,600036
2022-08-16,22.08,22.34,21.84,22.05,7107081,600036
2022-08-17,22.15,22.15,20.52,21.19,12277572,600036
2022-08-18,21.38,21.62,21.26,21.42,11516799,600036
2022-08-19,21.54,21.54,20.09,20.21,4801636,600036
2022-08-22,20.18,20.44,20.18,20.35,6681516,600036
2022-08-23,20.31,20.31,19.84,19.93,8836550,600036
2022-08-24,20.09,20.12,19.83,19.99,3642137,600036
2022-08-25,20.11,20.11,19.53,19.72,6127560,600036
2022-08-26,19.59,20.24,19.11,19.54,5527825,600036
2022-08-29,19.7,19.7,18.87,19.02,14970616,600036
2022-08-30,18.99,19.4,18.62,18.92,6349488,600036
2022-08-31,18.69,18.78,18.14,18.46,6413204,600036
2022-09-01,18.53,18.53,18.12,18.19,6688329,600036
2022-09-02,18.42,18.42,18.01,18.1,7435678,600036
2022-09-05,18.13,18.17,18.13,18.16,8447566,600036
2022-09-06,17.95,18.53,17.95,18.32,14193771,600036
2022-09-07,18.12,18.38,18.12,18.21,1458443,600036
2022-09-08,18.1,18.47,17.89,18.11,2418213,600036
2022-09-09,17.89,18.33,17.59,17.81,5359900,600036
2022-09-12,17.88,18.12,17.51,17.77,4955016,600036
2022-09-13,17.59,17.59,17.32,17.33,8334612,600036
2022-09-14,17.01,17.76,17.01,17.65,8340968,600036
2022-09-15,17.55,18.15,17.55,18.09,8423853,600036
2022-09-16,18.1,18.86,18.1,18.68,5982682,600036
2022-09-19,18.67,18.67,18.52,18.55,10464642,600036
2022-09-20,18.66,18.66,17.48,17.54,10337974,600036
2022-09-21,17.41,18.06,17.41,18.04,13896332,600036
2022-09-22,18.34,18.34,17.66,17.69,5777376,600036
2022-09-23,17.39,17.6,16.95,17.23,5129299,600036
2022-09-26,17.14,18.37,17.14,18.28,15786587,600036
2022-09-27,18.72,18.79,18.62,18.7,5725312,600036
2022-09-28,18.83,19.0,18.79,18.9,2552885,600036
2022-09-29,18.74,19.25,18.74,19.22,8884400,600036
2022-09-30,19.07,19.25,19.07,19.23,2925841,600036
2022-10-03,19.38,19.78,19.38,19.59,6618629,600036
2022-10-04,19.77,19.91,19.67,19.78,6439846,600036
2022-10-05,19.35,19.92,19.22,19.59,2158586,600036
2022-10-06,19.83,19.83,19.36,19.51,4447033,600036
2022-10-07,19.46,19.8,19.21,19.44,9197479,600036
2022-10-10,19.63,19.63,18.75,19.02,3822841,600036
2022-10-11,18.92,20.44,18.92,20.16,18894084,600036
2022-10-12,20.14,20.18,20.07,20.14,1657215,600036
2022-10-13,20.28,20.47,20.28,20.45,3939689,600036
2022-10-14,20.72,20.75,20.21,20.56,9095916,600036
2022-10-17,20.66,21.22,20.66,21.22,2488681,600036
2022-10-18,21.41,21.72,21.41,21.6,6219897,600036
2022-10-19,21.0,21.82,21.0,21.37,10624427,600036
2022-10-20,21.07,21.28,20.97,21.14,10160546,600036
2022-10-21,21.02,21.02,20.63,20.68,4808936,600036
2022-10-24,20.45,21.34,20.45,20.95,19239007,600036
2022-10-25,20.78,21.11,20.78,21.05,1453636,600036
2022-10-26,20.83,21.9,20.83,21.71,17538883,600036
2022-10-27,21.84,21.96,21.34,21.69,11921163,600036
2022-10-28,21.38,21.38,21.18,21.26,5058219,600036
2022-10-31,21.62,21.65,20.82,21.3,4876546,600036
2022-11-01,21.12,22.08,21.12,21.74,16042248,600036
2022-11-02,21.52,23.24,21.52,23.17,17891252,600036
2022-11-03,23.04,23.04,22.69,22.9,6572629,600036
2022-11-04,22.85,23.5,22.85,23.37,27122507,600036
2022-11-07,23.2,23.69,23.2,23.47,3726687,600036
2022-11-08,23.41,23.41,23.11,23.12,3017909,600036
2022-11-09,23.28,24.8,23.28,24.72,16693964,600036
2022-11-10,24.85,24.85,23.92,24.42,1903494,600036
2022-11-11,23.99,24.48,23.99,24.36,11854420,600036
2022-11-14,24.32,24.32,23.66,23.72,11628996,600036
2022-11-15,23.81,23.81,23.25,23.54,6273687,600036
2022-11-16,23.19,23.72,23.19,23.57,8992301,600036
2022-11-17,23.75,23.75,23.26,23.46,12804513,600036
2022-11-18,23.57,23.75,23.57,23.73,4750880,600036
2022-11-21,24.16,24.16,23.36,23.43,13940571,600036
2022-11-22,23.54,23.85,23.49,23.73,8288465,600036
2022-11-23,23.51,24.22,23.37,23.81,6378115,600036
2022-11-24,23.93,24.38,23.93,24.18,2052404,600036
2022-11-25,24.69,24.69,23.5,23.65,11268198,600036
2022-11-28,24.02,24.3,23.91,24.09,8837248,600036
2022-11-29,24.55,24.69,23.99,24.3,2853651,600036
2022-11-30,24.45,24.45,24.01,24.06,7619815,600036
2022-12-01,23.81,24.26,23.06,23.79,9468266,600036
2022-12-02,23.65,24.3,23.65,24.26,7404284,600036
2022-12-05,24.33,24.45,24.09,24.26,5375025,600036
2022-12-06,24.82,24.82,23.95,24.04,2968469,600036
2022-12-07,24.01,24.3,24.01,24.18,11309732,600036
2022-12-08,24.2,24.2,23.27,23.8,3902376,600036
2022-12-09,23.52,23.52,23.15,23.3,5655145,600036
2022-12-12,23.23,23.23,22.88,22.98,6070711,600036
2022-12-13,22.81,23.16,22.39,22.79,3155825,600036
2022-12-14,22.68,22.68,22.48,22.5,8153133,600036
2022-12-15,22.38,22.56,22.3,22.43,10264006,600036
2022-12-16,22.64,23.06,22.25,22.59,9490095,600036
2022-12-19,22.05,22.42,22.05,22.31,11708192,600036
2022-12-20,22.11,22.12,22.03,22.09,12329329,600036
2022-12-21,22.17,22.17,21.7,21.73,9525854,600036
2022-12-22,21.87,21.87,21.52,21.6,12541846,600036
2022-12-23,21.49,21.49,21.22,21.29,9427445,600036
2022-12-26,21.41,21.41,20.97,20.99,7790304,600036
2022-12-27,20.93,21.57,20.93,21.3,5636841,600036
2022-12-28,20.93,21.9,20.93,21.87,15396453,600036
2022-12-29,21.83,21.83,21.13,21.36,9906445,600036
2022-12-30,21.43,21.43,20.41,20.48,8309078,600036
2023-01-02,20.5,20.5,20.43,20.46,11844922,600036
2023-01-03,20.59,20.87,20.59,20.81,7010174,600036
2023-01-04,20.9,20.9,20.1,20.25,4255108,600036
2023-01-05,20.02,20.29,20.02,20.21,7170682,600036
2023-01-06,20.5,20.5,19.99,20.23,5528117,600036
2023-01-09,20.3,20.39,20.3,20.38,7923915,600036
2023-01-10,20.51,20.51,20.08,20.14,11066820,600036
2023-01-11,20.18,20.52,20.18,20.42,8431743,600036
2023-01-12,20.33,21.3,20.33,21.01,16012521,600036
2023-01-13,20.73,20.73,20.45,20.51,9249299,600036
2023-01-16,20.27,20.47,20.26,20.38,5552049,600036
2023-01-17,20.22,20.66,19.97,20.34,9237381,600036
2023-01-18,20.4,20.73,20.08,20.44,6565111,600036
2023-01-19,20.28,20.28,18.11,18.37,2484376,600036
2023-01-20,18.47,18.72,18.13,18.35,8732440,600036
2023-01-23,18.38,18.38,17.85,17.87,15383326,600036
2023-01-24,18.23,18.23,17.59,17.6,9230598,600036
2023-01-25,17.65,17.92,17.65,17.8,8570266,600036
2023-01-26,17.55,17.55,17.5,17.52,1280146,600036
2023-01-27,17.44,18.3,17.44,17.81,7025443,600036
2023-01-30,18.08,19.24,18.08,19.18,11042679,600036
2023-01-31,19.45,19.75,19.45,19.65,5922079,600036
2023-02-01,19.66,20.67,19.66,20.59,9339648,600036
2023-02-02,20.54,20.55,20.35,20.46,6134968,600036
2023-02-03,20.33,20.9,20.19,20.52,11532816,600036
2023-02-06,20.61,20.61,20.04,20.09,17563648,600036
2023-02-07,20.22,20.42,19.45,19.91,3677316,600036
2023-02-08,19.79,19.79,19.57,19.59,5934401,600036
2023-02-09,19.66,20.32,19.66,20.3,10972760,600036
2023-02-10,20.17,20.31,19.41,19.8,7889833,600036
2023-02-13,19.76,20.75,19.76,20.33,27452684,600036
2023-02-14,20.54,20.65,20.36,20.46,7430062,600036
2023-02-15,20.76,20.76,20.53,20.53,3260098,600036
2023-02-16,20.83,20.83,20.39,20.48,11369070,600036
2023-02-17,20.78,20.78,19.98,20.03,16122120,600036
2023-02-20,20.2,20.2,19.57,19.72,18422459,600036
2023-02-21,19.72,19.72,19.22,19.25,3768801,600036
2023-02-22,19.08,19.22,19.08,19.19,6182556,600036
2023-02-23,19.24,19.92,19.24,19.75,5538423,600036
2023-02-24,19.35,20.46,19.35,20.42,7635351,600036
2023-02-27,20.1,21.04,20.1,20.83,13985438,600036
2023-02-28,20.85,20.85,19.26,19.49,10784888,600036
2023-03-01,19.57,20.22,19.57,20.01,18914545,600036
2023-03-02,19.99,20.63,19.99,20.47,12491321,600036
2023-03-03,20.42,20.9,20.42,20.85,7167657,600036
2023-03-06,20.75,20.75,20.62,20.7,13596863,600036
2023-03-07,20.88,21.03,20.54,20.7,2393214,600036
2023-03-08,20.88,21.08,20.69,20.93,1739176,600036
2023-03-09,21.19,21.53,20.92,21.13,3246954,600036
2023-03-10,21.19,22.3,21.19,22.21,9087558,600036
2023-03-13,22.26,22.26,20.67,20.72,19451013,600036
2023-03-14,20.96,20.96,20.24,20.39,6905000,600036
2023-03-15,20.47,20.91,20.18,20.59,3570923,600036
2023-03-16,20.55,21.52,20.55,21.5,22717276,600036
2023-03-17,21.49,21.49,21.26,21.34,1637782,600036
2023-03-20,21.27,21.58,21.27,21.46,2583210,600036
2023-03-21,21.34,21.52,21.34,21.5,10453618,600036
2023-03-22,21.21,23.07,21.21,22.87,6453874,600036
2023-03-23,23.15,23.15,22.84,22.89,9257417,600036
2023-03-24,23.25,23.53,22.85,23.03,8005586,600036
2023-03-27,22.85,23.31,22.85,23.26,967871,600036
2023-03-28,23.34,24.27,23.34,23.85,7081602,600036
2023-03-29,23.58,24.53,23.58,24.25,1963953,600036
2023-03-30,24.24,24.89,24.06,24.36,6449702,600036
2023-03-31,24.24,24.62,24.15,24.45,8675658,600036
2023-04-03,24.7,24.7,22.95,22.97,19344105,600036
2023-04-04,23.14,23.15,23.06,23.11,4184836,600036
2023-04-05,22.85,23.08,22.85,23.03,3079011,600036
2023-04-06,22.77,22.77,22.6,22.64,2549372,600036
2023-04-07,23.03,23.03,22.21,22.51,14289691,600036
2023-04-10,22.84,22.84,22.25,22.39,11479704,600036
2023-04-11,22.16,22.26,21.88,22.08,3435164,600036
2023-04-12,21.86,22.07,21.53,21.69,2296076,600036
2023-04-13,22.03,22.03,21.34,21.48,7575565,600036
2023-04-14,21.55,21.55,21.42,21.48,8660467,600036
2023-04-17,21.72,21.72,21.47,21.49,4436281,600036
2023-04-18,21.5,21.5,21.05,21.11,9126301,600036
2023-04-19,21.14,21.33,20.94,21.09,2386347,600036
2023-04-20,20.77,21.39,20.77,21.12,8596661,600036
2023-04-21,21.18,21.51,21.18,21.46,6238491,600036
2023-04-24,21.06,21.54,20.76,21.18,4086184,600036
2023-04-25,21.33,21.33,21.06,21.17,3971100,600036
2023-04-26,21.05,21.05,20.57,20.62,12027883,600036
2023-04-27,20.47,20.96,20.47,20.73,6923174,600036
2023-04-28,20.74,20.74,20.34,20.42,7190794,600036
2023-05-01,20.24,20.24,19.82,19.83,7097703,600036
2023-05-02,19.89,19.95,19.87,19.92,9438337,600036
2023-05-03,19.87,19.87,19.22,19.5,5061283,600036
2023-05-04,19.67,20.89,19.67,20.42,14021612,600036
2023-05-05,20.39,20.44,20.33,20.41,1354667,600036
2023-05-08,20.37,20.8,20.37,20.78,12233786,600036
2023-05-09,20.83,21.31,20.83,21.24,2194046,600036
2023-05-10,21.34,21.34,20.83,21.12,5556579,600036
2023-05-11,21.49,21.49,20.73,20.88,17484893,600036
2023-05-12,20.81,21.27,20.81,21.19,4909850,600036
2023-05-15,21.05,22.07,21.05,21.81,3761395,600036
2023-05-16,21.68,21.68,21.0,21.26,1046032,600036
2023-05-17,21.69,21.69,21.09,21.25,3982425,600036
2023-05-18,21.6,21.6,20.94,21.18,5472759,600036
2023-05-19,20.81,22.19,20.81,21.73,10645424,600036
2023-05-22,21.63,22.41,21.63,22.36,7027475,600036
2023-05-23,22.46,22.46,21.73,21.93,9574420,600036
2023-05-24,22.16,22.16,21.8,21.83,4764103,600036
2023-05-25,22.06,22.13,22.04,22.08,5037351,600036
2023-05-26,21.94,21.94,21.5,21.73,4610724,600036
2023-05-29,21.8,21.93,21.8,21.89,5267845,600036
2023-05-30,22.13,22.13,20.81,20.92,7146805,600036
2023-05-31,20.8,20.99,20.52,20.72,4286081,600036
2023-06-01,20.59,20.59,20.54,20.55,7222400,600036
2023-06-02,21.08,21.08,19.8,19.89,8294416,600036
2023-06-05,19.53,19.92,19.53,19.9,10449934,600036
2023-06-06,19.99,19.99,19.27,19.32,5329456,600036
2023-06-07,19.41,19.41,19.07,19.13,5908826,600036
2023-06-08,19.24,19.24,18.62,18.71,10516414,600036
2023-06-09,18.6,18.6,18.15,18.19,4579977,600036
2023-06-12,18.16,19.02,18.16,18.75,4843639,600036
2023-06-13,18.45,19.67,18.45,19.32,7846712,600036
2023-06-14,19.26,19.53,18.9,19.28,3655213,600036
2023-06-15,19.32,19.32,18.74,18.89,12465670,600036
2023-06-16,18.94,18.94,18.35,18.39,19706300,600036
2023-06-19,18.31,18.93,18.31,18.79,17932640,600036
2023-06-20,18.88,18.99,18.49,18.78,8537973,600036
2023-06-21,18.84,19.09,18.42,18.87,13369302,600036
2023-06-22,18.64,18.92,18.4,18.61,974975,600036
2023-06-23,18.77,18.77,17.95,18.02,3167088,600036
2023-06-26,18.3,18.3,17.85,17.95,1994961,600036
2023-06-27,18.11,18.36,18.0,18.17,1836181,600036
2023-06-28,18.33,18.33,17.62,17.71,3692718,600036
2023-06-29,17.62,18.27,17.62,18.21,7749195,600036
2023-06-30,17.87,18.47,17.87,18.26,8379267,600036
2023-07-03,18.38,18.38,18.02,18.16,5574257,600036
2023-07-04,18.03,18.03,17.78,17.84,9061972,600036
2023-07-05,17.67,18.4,17.67,18.11,4778377,600036
2023-07-06,18.09,18.45,18.02,18.29,8045501,600036
2023-07-07,17.98,18.36,17.98,18.24,1330686,600036
2023-07-10,18.01,18.38,18.01,18.37,6481289,600036
2023-07-11,18.53,18.53,18.32,18.42,7337144,600036
2023-07-12,18.29,18.29,17.9,18.02,9153976,600036
2023-07-13,17.98,17.98,17.43,17.49,4710244,600036
2023-07-14,17.34,17.43,17.34,17.42,9369562,600036
2023-07-17,17.35,17.35,17.06,17.09,3162424,600036
2023-07-18,17.15,18.1,17.15,17.94,19481958,600036
2023-07-19,17.96,18.57,17.96,18.44,5222702,600036
2023-07-20,18.64,18.64,17.82,18.25,5649837,600036
2023-07-21,18.33,18.4,18.26,18.31,1377372,600036
2023-07-24,18.34,18.51,18.34,18.42,13076201,600036
2023-07-25,18.56,18.69,18.41,18.55,8161382,600036
2023-07-26,18.79,18.79,18.28,18.32,11472520,600036
2023-07-27,18.38,19.41,18.38,19.4,23234131,600036
2023-07-28,19.33,19.82,19.33,19.54,4638715,600036
2023-07-31,19.69,19.76,19.11,19.49,4524009,600036
2023-08-01,19.57,19.57,18.88,18.98,5091369,600036
2023-08-02,19.47,19.47,19.05,19.09,9807659,600036
2023-08-03,18.81,19.18,18.8,18.98,8992498,600036
2023-08-04,19.39,19.58,19.2,19.36,5677970,600036
2023-08-07,19.56,20.26,19.56,19.91,6280499,600036
2023-08-08,19.96,20.21,19.64,19.98,7276311,600036
2023-08-09,20.0,20.71,19.34,20.0,11405127,600036
2023-08-10,19.84,19.93,19.84,19.88,4955792,600036
2023-08-11,19.6,20.13,19.6,19.93,6789981,600036
2023-08-14,19.91,19.96,19.23,19.52,2960090,600036
2023-08-15,20.03,20.03,19.85,19.92,8957320,600036
2023-08-16,20.09,20.16,20.03,20.07,1619945,600036
2023-08-17,20.02,20.15,18.95,19.55,14928845,600036
2023-08-18,19.64,19.85,18.53,19.12,6895665,600036
2023-08-21,19.1,19.1,18.74,18.78,2366444,600036
2023-08-22,18.89,18.89,18.74,18.77,11198062,600036
2023-08-23,18.71,20.57,18.71,20.56,12800852,600036
2023-08-24,20.39,20.78,20.17,20.51,5591658,600036
2023-08-25,20.62,21.51,20.62,21.33,18565761,600036
2023-08-28,21.45,21.45,20.61,21.05,7202621,600036
2023-08-29,21.09,21.09,20.25,20.56,5687518,600036
2023-08-30,20.6,20.6,19.77,20.2,9800060,600036
2023-08-31,20.1,20.49,20.1,20.39,1589224,600036
2023-09-01,20.53,20.66,20.43,20.57,11484135,600036
2023-09-04,20.36,20.47,20.24,20.33,5952962,600036
2023-09-05,20.21,20.21,18.43,18.67,11661311,600036
2023-09-06,18.65,19.13,18.65,18.98,5247008,600036
2023-09-07,18.96,19.26,18.65,18.92,7165837,600036
2023-09-08,18.93,19.37,18.46,18.94,2828201,600036
2023-09-11,18.76,18.76,18.52,18.53,2222760,600036
2023-09-12,18.28,19.07,18.28,18.62,3538372,600036
2023-09-13,18.49,19.27,18.3,18.76,5079170,600036
2023-09-14,18.81,18.99,18.47,18.71,8547627,600036
2023-09-15,18.81,18.81,18.26,18.41,6398553,600036
2023-09-18,18.21,18.6,18.11,18.37,3252286,600036
2023-09-19,18.15,18.15,17.04,17.07,10517083,600036
2023-09-20,17.42,17.42,16.79,17.01,9685495,600036
2023-09-21,16.93,16.93,16.6,16.64,1846840,600036
2023-09-22,16.75,16.75,16.59,16.59,6126165,600036
2023-09-25,16.61,16.61,15.93,16.18,6000648,600036
2023-09-26,16.06,16.34,15.89,16.13,1450784,600036
2023-09-27,16.05,16.28,15.64,15.95,1074495,600036
2023-09-28,16.02,16.02,15.77,15.83,5627763,600036
2023-09-29,15.93,16.3,15.48,16.0,8175499,600036
2023-10-02,16.17,16.36,15.92,16.18,13161361,600036
2023-10-03,16.15,16.69,16.15,16.52,11376366,600036
2023-10-04,16.38,16.67,16.29,16.45,7072353,600036
2023-10-05,16.65,16.65,16.58,16.58,5489859,600036
2023-10-06,16.49,16.61,16.39,16.5,7265665,600036
2023-10-09,16.48,16.48,15.6,15.61,18977873,600036
2023-10-10,15.56,16.0,15.56,15.8,1190820,600036
2023-10-11,15.69,15.69,15.24,15.39,3031457,600036
2023-10-12,15.41,15.62,15.41,15.51,2182878,600036
2023-10-13,15.34,15.39,15.23,15.33,1295964,600036
2023-10-16,15.52,15.58,15.5,15.53,6096543,600036
2023-10-17,15.41,15.7,15.41,15.7,12661205,600036
2023-10-18,15.45,15.71,15.45,15.7,2192513,600036
2023-10-19,15.72,15.82,15.72,15.79,3471966,600036
2023-10-20,15.76,15.98,15.62,15.82,6307214,600036
2023-10-23,15.76,15.76,15.46,15.56,2955771,600036
2023-10-24,15.52,15.9,15.52,15.89,15443364,600036
2023-10-25,15.92,15.92,15.48,15.56,9632521,600036
2023-10-26,15.58,15.77,15.37,15.58,6680480,600036
2023-10-27,15.36,15.36,15.09,15.1,8854851,600036
2023-10-30,15.07,15.57,15.07,15.42,16100940,600036
2023-10-31,15.47,15.57,15.29,15.4,7321161,600036
2023-11-01,15.56,15.56,14.87,15.01,14048826,600036
2023-11-02,15.06,15.06,14.65,14.78,2803447,600036
2023-11-03,14.82,14.82,14.64,14.68,8542555,600036
2023-11-06,14.81,14.81,14.27,14.46,19854276,600036
2023-11-07,14.3,14.78,14.3,14.63,13179472,600036
2023-11-08,14.89,14.89,14.03,14.22,11834835,600036
2023-11-09,14.11,14.11,13.99,14.04,7754827,600036
2023-11-10,14.04,14.04,13.88,13.95,3633160,600036
2023-11-13,13.88,14.17,13.88,14.09,11871684,600036
2023-11-14,13.8,14.42,13.8,14.31,23917563,600036
2023-11-15,14.37,14.37,13.97,14.03,13926954,600036
2023-11-16,13.89,14.03,13.89,13.98,11517842,600036
2023-11-17,14.16,14.16,14.03,14.08,9815216,600036
2023-11-20,13.92,14.37,13.92,14.28,6058523,600036
2023-11-21,14.34,15.22,14.34,15.15,16919102,600036
2023-11-22,15.28,15.6,15.15,15.37,9589876,600036
2023-11-23,15.45,15.77,15.38,15.53,2414194,600036
2023-11-24,15.47,15.67,15.45,15.6,13275813,600036
2023-11-27,15.53,15.53,15.17,15.26,5240570,600036
2023-11-28,15.05,15.05,14.85,14.93,1925569,600036
2023-11-29,14.78,15.14,14.78,15.12,5427702,600036
2023-11-30,15.11,15.54,15.11,15.43,15953394,600036
2023-12-01,15.17,15.52,15.17,15.47,7009522,600036
2023-12-04,15.3,15.64,15.3,15.55,12274577,600036
2023-12-05,15.85,15.85,15.12,15.49,7526657,600036
2023-12-06,15.14,15.72,15.14,15.59,8447712,600036
2023-12-07,15.76,15.99,15.58,15.79,5473267,600036
2023-12-08,15.85,15.85,15.34,15.36,5042023,600036
2023-12-11,15.21,16.05,15.21,15.7,15818786,600036
2023-12-12,15.5,15.89,15.5,15.79,2891431,600036
2023-12-13,15.99,16.05,15.87,15.98,5015908,600036
2023-12-14,15.85,16.08,15.85,15.97,4484733,600036
2023-12-15,16.01,16.01,15.71,15.85,10027125,600036
2023-12-18,15.89,16.03,15.86,15.97,12143009,600036
2023-12-19,15.83,15.83,15.04,15.17,19886045,600036
2023-12-20,15.13,15.13,14.62,14.81,8770754,600036
2023-12-21,15.04,15.04,14.73,14.81,7821724,600036
2023-12-22,14.72,14.92,14.6,14.76,5586717,600036
2023-12-25,14.8,15.29,14.75,14.97,4640908,600036
2023-12-26,15.15,15.2,14.74,14.97,4197128,600036
2023-12-27,14.9,14.9,14.61,14.67,2534929,600036
2023-12-28,14.57,14.9,14.57,14.82,9751627,600036
2023-12-29,14.88,15.0,14.71,14.86,1703661,600036
2024-01-01,14.99,15.02,14.43,14.83,8075280,600036
2024-01-02,14.67,14.79,14.6,14.72,9019483,600036
2024-01-03,14.79,15.27,14.79,15.04,6324447,600036
2024-01-04,15.06,15.12,14.85,14.96,2719308,600036
2024-01-05,14.84,15.19,14.77,14.94,6429714,600036
2024-01-08,14.89,15.21,14.6,14.88,1913701,600036
2024-01-09,14.99,15.15,14.87,14.96,3195435,600036
2024-01-10,15.13,15.13,14.86,14.89,10621194,600036
2024-01-11,14.69,16.2,14.69,16.16,11063446,600036
2024-01-12,16.45,16.45,16.05,16.21,2884202,600036
2024-01-15,16.3,16.34,16.13,16.23,4493867,600036
2024-01-16,16.18,16.18,16.08,16.09,7950723,600036
2024-01-17,15.99,16.01,15.53,15.76,9444648,600036
2024-01-18,15.82,16.11,15.82,16.05,3532279,600036
2024-01-19,16.06,17.94,16.06,17.58,14136081,600036
2024-01-22,17.21,17.99,17.21,17.97,6893829,600036
2024-01-23,17.56,17.64,17.51,17.59,2224030,600036
2024-01-24,17.76,17.84,17.31,17.64,9981705,600036
2024-01-25,17.95,18.02,17.65,17.92,2830509,600036
2024-01-26,17.86,17.86,17.28,17.34,5733762,600036
2024-01-29,17.65,18.21,17.65,18.14,10794364,600036
2024-01-30,18.0,18.21,17.99,18.06,2372077,600036
2024-01-31,18.04,18.04,17.31,17.34,2476083,600036
2024-02-01,17.31,17.38,17.25,17.33,5178531,600036
2024-02-02,17.35,17.73,17.35,17.58,9624396,600036
2024-02-05,17.43,17.68,17.35,17.45,6977211,600036
2024-02-06,17.62,17.77,17.62,17.73,1076092,600036
2024-02-07,18.12,18.12,16.69,16.98,6085725,600036
2024-02-08,16.91,17.72,16.91,17.66,20513603,600036
2024-02-09,17.58,18.05,17.31,17.74,7390725,600036
2024-02-12,17.69,17.96,17.69,17.87,9266815,600036
2024-02-13,17.84,17.84,17.29,17.39,7293356,600036
2024-02-14,17.1,17.27,17.0,17.12,8242384,600036
2024-02-15,17.15,17.28,17.15,17.27,3372977,600036
2024-02-16,17.38,18.63,17.38,18.46,7018343,600036
2024-02-19,18.66,18.66,18.36,18.51,5098848,600036
2024-02-20,18.65,18.66,18.36,18.49,7171449,600036
2024-02-21,18.37,18.43,18.25,18.32,1371513,600036
2024-02-22,18.46,18.57,18.4,18.49,3550827,600036
2024-02-23,18.35,19.09,18.35,18.71,5899839,600036
2024-02-26,18.89,18.89,18.76,18.76,4129758,600036
2024-02-27,19.05,19.05,18.53,18.68,4323780,600036
2024-02-28,18.69,19.03,18.69,19.02,4782175,600036
2024-02-29,19.19,19.19,18.81,18.95,8793216,600036
2024-03-01,19.17,19.17,18.69,18.71,5213351,600036
2024-03-04,18.61,18.94,18.31,18.58,2888873,600036
2024-03-05,18.6,19.78,18.6,19.78,7083486,600036
2024-03-06,19.95,19.95,19.59,19.6,2998253,600036
2024-03-07,19.52,20.14,19.52,19.96,11097415,600036
2024-03-08,20.14,20.14,18.88,19.1,13108256,600036
2024-03-11,19.32,19.32,18.56,18.8,5968422,600036
2024-03-12,18.68,18.87,18.68,18.85,2432533,600036
2024-03-13,18.48,18.84,18.48,18.77,1180838,600036
2024-03-14,18.93,19.84,18.93,19.74,22799878,600036
2024-03-15,19.47,19.47,18.28,18.6,9543381,600036
2024-03-18,18.53,18.53,18.21,18.3,7513537,600036
2024-03-19,18.45,18.59,18.18,18.42,10991117,600036
2024-03-20,18.81,18.91,18.1,18.52,9457610,600036
2024-03-21,18.73,18.73,18.34,18.4,10750705,600036
2024-03-22,18.02,18.5,18.02,18.37,6599608,600036
2024-03-25,18.56,18.57,17.8,18.14,9629269,600036
2024-03-26,18.34,18.54,18.18,18.37,8134903,600036
2024-03-27,18.65,18.66,18.15,18.44,2943373,600036
2024-03-28,18.24,18.98,18.19,18.59,5600117,600036
2024-03-29,18.49,18.91,18.49,18.81,7943216,600036
2024-04-01,18.91,18.91,18.58,18.64,4885107,600036
2024-04-02,18.63,18.63,18.41,18.48,3482013,600036
2024-04-03,18.18,19.49,18.18,19.14,12938032,600036
2024-04-04,19.33,19.37,18.83,19.05,7512796,600036
2024-04-05,19.02,19.37,19.02,19.35,4891208,600036
2024-04-08,19.35,19.35,19.03,19.05,6709248,600036
2024-04-09,19.14,19.14,18.6,18.7,2324570,600036
2024-04-10,18.76,19.18,18.76,19.05,11939970,600036
2024-04-11,18.92,18.94,18.5,18.8,8253567,600036
2024-04-12,18.59,19.39,18.59,19.1,8365154,600036
2024-04-15,19.4,19.4,18.15,18.18,11297643,600036
2024-04-16,18.03,18.08,18.03,18.07,3017169,600036
2024-04-17,18.02,18.44,18.02,18.29,6430543,600036
2024-04-18,18.33,18.81,18.33,18.78,21415106,600036
2024-04-19,18.85,18.85,18.15,18.43,9668792,600036
2024-04-22,18.33,18.56,18.14,18.39,10919459,600036
2024-04-23,18.55,18.8,18.13,18.45,6916246,600036
2024-04-24,18.21,19.23,18.21,19.07,5617851,600036
2024-04-25,19.1,19.1,18.78,18.89,1903994,600036
2024-04-26,18.84,19.3,18.84,19.19,14157898,600036
2024-04-29,19.14,19.65,19.14,19.55,9511461,600036
2024-04-30,19.88,19.95,19.61,19.79,7617159,600036
2024-05-01,20.02,20.02,19.09,19.22,19825257,600036
2024-05-02,19.39,19.39,18.93,19.06,5004466,600036
2024-05-03,19.07,19.22,19.07,19.2,13791182,600036
2024-05-06,18.92,19.57,18.92,19.42,15600808,600036
2024-05-07,19.31,19.86,19.31,19.51,4009702,600036
2024-05-08,19.23,19.58,18.94,19.31,7452182,600036
2024-05-09,19.49,19.49,18.92,18.97,11235102,600036
2024-05-10,18.97,19.18,18.97,19.16,8460321,600036
2024-05-13,18.97,19.39,18.93,19.11,5797999,600036
2024-05-14,19.04,19.28,19.04,19.15,6989426,600036
2024-05-15,19.27,19.46,19.27,19.39,5471803,600036
2024-05-16,19.2,19.98,19.2,19.89,10320679,600036
2024-05-17,20.15,20.15,19.85,19.89,1629536,600036
2024-05-20,19.81,20.26,19.81,20.15,10056240,600036
2024-05-21,20.05,20.05,18.9,19.37,2102324,600036
2024-05-22,19.41,19.41,19.12,19.21,8462186,600036
2024-05-23,18.9,18.97,18.84,18.92,8132326,600036
2024-05-24,19.04,19.04,18.54,18.65,1881234,600036
2024-05-27,18.71,19.08,18.61,18.89,1765447,600036
2024-05-28,18.92,19.11,18.92,19.04,9945920,600036
2024-05-29,18.83,19.35,18.83,19.26,18732888,600036
2024-05-30,19.4,19.4,18.98,19.02,1338578,600036
2024-05-31,19.16,19.16,18.49,18.5,13238067,600036
2024-06-03,18.42,18.54,18.24,18.35,2106873,600036
2024-06-04,18.4,19.09,18.4,18.82,19305685,600036
2024-06-05,18.62,19.09,18.56,18.94,944998,600036
2024-06-06,18.74,18.74,17.7,17.75,2741364,600036
2024-06-07,17.61,18.18,17.41,17.76,3066286,600036
2024-06-10,17.95,18.92,17.95,18.87,21678146,600036
2024-06-11,18.84,19.12,18.84,19.05,10532240,600036
2024-06-12,19.33,19.93,19.33,19.67,6926236,600036
2024-06-13,19.97,19.97,19.25,19.27,6477407,600036
2024-06-14,19.18,19.37,19.18,19.35,4483947,600036
2024-06-17,19.61,19.61,19.15,19.46,5412151,600036
2024-06-18,19.62,19.62,18.88,19.0,10983660,600036
2024-06-19,18.96,19.42,18.96,19.32,6511056,600036
2024-06-20,19.51,19.51,17.48,17.53,14546285,600036
2024-06-21,17.22,17.91,17.18,17.46,5440975,600036
2024-06-24,17.61,17.61,16.88,17.1,6201856,600036
2024-06-25,16.98,17.2,16.59,16.89,9249940,600036
2024-06-26,16.73,16.8,16.73,16.78,10457780,600036
2024-06-27,16.64,16.81,16.64,16.74,1264782,600036
2024-06-28,17.02,17.02,16.58,16.64,7171261,600036
2024-07-01,16.71,17.09,16.71,17.02,5048430,600036
2024-07-02,17.11,17.5,16.73,16.94,6017120,600036
2024-07-03,16.96,17.27,16.96,17.21,12803566,600036
2024-07-04,17.16,17.19,17.12,17.15,8213373,600036
2024-07-05,17.15,17.15,16.3,16.37,22420448,600036
2024-07-08,16.11,16.46,16.03,16.24,5059095,600036
2024-07-09,16.17,16.17,15.05,15.05,11351011,600036
2024-07-10,15.41,15.71,15.14,15.4,4019071,600036
2024-07-11,15.01,15.62,15.01,15.46,9757713,600036
2024-07-12,15.32,15.65,15.32,15.55,5764915,600036
2024-07-15,15.39,15.95,15.39,15.8,16590286,600036
2024-07-16,15.8,16.3,15.8,16.28,5236898,600036
2024-07-17,16.32,16.34,16.3,16.32,5137971,600036
2024-07-18,16.43,16.43,16.37,16.39,4282356,600036
2024-07-19,16.55,16.72,16.02,16.38,5868703,600036
2024-07-22,16.6,16.6,16.34,16.43,2478969,600036
2024-07-23,16.77,16.77,16.05,16.38,11169802,600036
2024-07-24,16.27,16.43,16.22,16.31,5095129,600036
2024-07-25,16.26,16.56,16.26,16.54,10968066,600036
2024-07-26,16.54,17.06,16.54,17.03,9540709,600036
2024-07-29,17.3,17.3,16.72,16.92,19025904,600036
2024-07-30,16.67,16.78,16.03,16.55,7152338,600036
2024-07-31,16.58,16.58,15.39,15.43,6789571,600036
2024-08-01,15.14,15.53,15.14,15.42,6452456,600036
2024-08-02,15.38,15.49,14.94,15.25,1739139,600036
2024-08-05,15.06,15.06,14.62,14.76,8271652,600036
2024-08-06,14.76,14.76,14.48,14.52,10041899,600036
2024-08-07,14.38,14.74,14.38,14.72,10248354,600036
2024-08-08,14.71,14.71,13.27,13.42,13298296,600036
2024-08-09,13.53,13.87,13.53,13.78,1906248,600036
2024-08-12,13.8,13.86,13.76,13.82,6940277,600036
2024-08-13,13.88,14.22,13.64,13.95,3284349,600036
2024-08-14,13.82,14.11,13.82,14.05,1341681,600036
2024-08-15,13.97,13.97,13.69,13.79,4148925,600036
2024-08-16,13.75,14.04,13.59,13.8,7783991,600036
2024-08-19,13.89,13.94,13.86,13.9,9789025,600036
2024-08-20,13.89,13.89,13.48,13.6,17307620,600036
2024-08-21,13.44,13.44,13.25,13.28,8809331,600036
2024-08-22,13.46,14.19,13.46,14.1,10284917,600036
2024-08-23,13.89,14.49,13.89,14.41,12957527,600036
2024-08-26,14.29,14.53,14.29,14.52,3683050,600036
2024-08-27,14.34,14.66,14.34,14.5,10859153,600036
2024-08-28,14.66,14.66,14.44,14.48,4963207,600036
2024-08-29,14.39,14.47,14.24,14.39,10433181,600036
2024-08-30,14.27,14.33,14.09,14.23,2216699,600036
2024-09-02,14.28,14.45,14.28,14.44,4079131,600036
2024-09-03,14.33,14.5,14.09,14.29,4067907,600036
2024-09-04,14.45,14.45,14.06,14.18,9205404,600036
2024-09-05,14.14,14.73,14.14,14.38,3677185,600036
2024-09-06,14.23,14.44,14.23,14.38,11618363,600036
2024-09-09,14.2,14.84,14.2,14.78,9567897,600036
2024-09-10,14.83,14.83,14.82,14.82,1978174,600036
2024-09-11,14.87,15.14,14.79,14.97,9011036,600036
2024-09-12,15.22,15.22,15.04,15.08,2367416,600036
2024-09-13,14.92,15.03,14.92,14.96,1498547,600036
2024-09-16,15.0,15.44,14.88,15.15,11532585,600036
2024-09-17,15.29,15.3,15.11,15.16,4847037,600036
2024-09-18,15.07,15.58,15.07,15.46,14704877,600036
2024-09-19,15.59,15.7,15.47,15.56,9237380,600036
2024-09-20,15.59,15.59,15.32,15.35,8493095,600036
2024-09-23,15.35,15.43,15.35,15.43,1945436,600036
2024-09-24,15.42,15.87,15.42,15.72,1779784,600036
2024-09-25,15.47,15.56,15.18,15.38,10968345,600036
2024-09-26,15.41,15.66,15.41,15.63,2388797,600036
2024-09-27,15.2,15.66,15.2,15.61,8417089,600036
2024-09-30,15.51,15.59,15.51,15.56,4879771,600036
2024-10-01,15.4,15.4,15.34,15.35,3557731,600036
2024-10-02,15.5,15.5,15.34,15.35,6317418,600036
2024-10-03,15.09,15.41,15.09,15.32,841337,600036
2024-10-04,15.34,15.9,15.16,15.52,5293954,600036
2024-10-07,15.09,16.0,15.09,15.94,8925308,600036
2024-10-08,16.0,16.16,15.89,16.03,9333110,600036
2024-10-09,15.77,16.93,15.77,16.6,4385758,600036
2024-10-10,16.59,18.12,16.59,18.03,13806501,600036
2024-10-11,17.97,18.43,17.97,18.37,19093639,600036
2024-10-14,18.36,18.36,17.35,17.76,9748415,600036
2024-10-15,17.63,17.64,17.54,17.58,7751635,600036
2024-10-16,17.74,17.74,16.64,16.64,14296296,600036
2024-10-17,16.51,16.51,15.81,15.92,4532898,600036
2024-10-18,15.88,16.34,15.69,15.89,13716110,600036
2024-10-21,15.78,15.78,15.52,15.57,8533548,600036
2024-10-22,15.51,15.88,15.51,15.76,4917251,600036
2024-10-23,15.82,15.82,15.45,15.63,2294689,600036
2024-10-24,15.61,15.78,15.55,15.69,7048215,600036
2024-10-25,15.57,15.57,15.39,15.42,6215567,600036
2024-10-28,15.3,15.5,15.25,15.39,6517102,600036
2024-10-29,15.2,16.07,15.2,16.01,21805712,600036
2024-10-30,15.94,16.12,15.94,16.1,4518828,600036
2024-10-31,15.99,16.6,15.43,15.98,2569751,600036
2024-11-01,16.09,16.09,15.2,15.32,17345479,600036
2024-11-04,15.19,15.31,15.01,15.15,8473563,600036
2024-11-05,14.96,14.97,14.51,14.72,10104597,600036
2024-11-06,14.54,15.14,14.54,15.06,12503809,600036
2024-11-07,15.08,15.54,14.99,15.28,6065284,600036
2024-11-08,15.3,15.46,15.3,15.44,5585819,600036
2024-11-11,15.42,15.49,15.42,15.47,13459288,600036
2024-11-12,15.41,15.56,15.14,15.37,4214721,600036
2024-11-13,15.59,15.59,15.04,15.1,14648845,600036
2024-11-14,15.04,15.04,14.74,14.83,6375556,600036
2024-11-15,14.84,14.84,14.26,14.31,13571556,600036
2024-11-18,13.96,13.96,13.34,13.35,3592898,600036
2024-11-19,13.41,13.41,13.02,13.21,12294018,600036
2024-11-20,13.19,14.04,13.19,13.94,19321221,600036
2024-11-21,13.87,14.65,13.87,14.4,10834037,600036
2024-11-22,14.09,14.81,14.09,14.52,12117903,600036
2024-11-25,14.42,14.82,14.42,14.7,4881281,600036
2024-11-26,14.8,14.8,14.41,14.46,15535807,600036
2024-11-27,14.27,14.48,14.27,14.44,9866704,600036
2024-11-28,14.33,14.73,14.33,14.54,1918493,600036
2024-11-29,14.44,15.09,14.44,15.06,17938224,600036
2024-12-02,14.96,15.16,14.89,15.03,2545903,600036
2024-12-03,14.89,15.08,14.89,15.05,9460423,600036
2024-12-04,14.9,15.52,14.9,15.4,12087707,600036
2024-12-05,15.16,15.54,15.16,15.54,3383000,600036
2024-12-06,15.8,15.8,15.18,15.21,8076470,600036
2024-12-09,15.23,15.28,14.96,15.14,5741237,600036
2024-12-10,14.89,15.15,14.89,15.07,3834489,600036
2024-12-11,15.31,16.24,15.31,16.19,16357224,600036
2024-12-12,16.23,16.28,16.13,16.21,2264235,600036
2024-12-13,16.06,16.84,15.98,16.41,18511861,600036
2024-12-16,16.3,16.52,16.18,16.31,2748050,600036
2024-12-17,16.34,16.49,16.34,16.47,3332787,600036
2024-12-18,16.63,16.63,15.84,16.08,15137973,600036
2024-12-19,15.96,16.1,15.96,16.07,1498739,600036
2024-12-20,16.27,16.27,15.6,15.76,11736528,600036
2024-12-23,15.57,16.46,15.57,16.29,11801622,600036
2024-12-24,16.32,16.32,16.21,16.22,10110543,600036
2024-12-25,16.54,16.54,14.94,15.04,2828336,600036
2024-12-26,15.39,15.39,14.84,14.97,2748353,600036
2024-12-27,14.92,16.19,14.92,15.99,6361792,600036
2024-12-30,16.18,16.18,15.79,16.06,1991904,600036
2024-12-31,16.18,16.18,15.86,15.97,12549603,600036
2025-01-01,16.11,16.11,15.69,15.71,11332403,600036
2025-01-02,15.95,15.95,15.87,15.9,6757166,600036
2025-01-03,16.11,16.11,15.23,15.39,17199356,600036
2025-01-06,15.37,15.37,14.76,14.89,21413153,600036
2025-01-07,15.31,15.31,14.99,15.01,9414564,600036
2025-01-08,15.04,15.54,15.04,15.47,15788338,600036
2025-01-09,15.28,15.98,15.28,15.75,19925039,600036
2025-01-10,15.91,15.91,15.78,15.84,8021053,600036
2025-01-13,15.89,16.19,15.89,16.09,8644128,600036
2025-01-14,16.15,16.26,16.15,16.24,5584125,600036
2025-01-15,16.4,16.53,16.4,16.5,2773972,600036
2025-01-16,16.09,16.94,16.09,16.75,14102201,600036
2025-01-17,16.64,16.99,16.64,16.86,3342413,600036
2025-01-20,17.19,17.5,16.85,17.16,13173247,600036
2025-01-21,17.25,17.25,17.02,17.15,7101412,600036
2025-01-22,17.44,17.52,17.02,17.26,3614056,600036
2025-01-23,16.97,17.87,16.97,17.74,10899626,600036
2025-01-24,17.71,17.71,17.25,17.41,5228647,600036
2025-01-27,17.62,17.62,17.38,17.45,7514863,600036
2025-01-28,17.27,18.1,17.27,17.74,11313503,600036
2025-01-29,17.58,17.85,17.52,17.73,6729233,600036
2025-01-30,17.57,18.27,17.57,18.06,9577479,600036
2025-01-31,18.25,18.29,18.14,18.21,4640676,600036
2025-02-03,18.29,18.71,18.04,18.4,3594032,600036
2025-02-04,18.33,18.33,16.7,17.21,13082315,600036
2025-02-05,16.94,17.3,16.94,17.22,5783813,600036
2025-02-06,17.15,17.51,17.15,17.47,8909831,600036
2025-02-07,17.41,18.69,17.41,18.54,16513904,600036
2025-02-10,18.48,18.63,18.25,18.45,5138322,600036
2025-02-11,18.67,19.04,18.67,18.84,3565780,600036
2025-02-12,18.77,18.77,18.66,18.67,6687711,600036
2025-02-13,18.75,18.81,18.74,18.78,13203558,600036
2025-02-14,18.49,18.49,17.88,17.93,12983614,600036
2025-02-17,18.16,18.33,17.96,18.18,1748308,600036
2025-02-18,18.19,18.64,18.19,18.62,16338413,600036
2025-02-19,18.71,19.0,18.71,18.99,3476842,600036
2025-02-20,18.95,18.99,18.47,18.69,2640540,600036
2025-02-21,19.05,19.05,18.78,18.84,9062589,600036
2025-02-24,18.95,18.95,18.8,18.87,4991425,600036
2025-02-25,18.79,18.79,18.61,18.71,3253626,600036
2025-02-26,18.85,19.3,18.85,19.15,1396987,600036
2025-02-27,19.3,19.34,18.62,18.97,4240506,600036
2025-02-28,18.91,19.05,18.87,18.94,8451249,600036
2025-03-03,18.76,19.29,18.76,19.11,9323112,600036
2025-03-04,19.34,19.34,17.46,17.64,14024100,600036
2025-03-05,17.38,18.02,17.38,17.83,10339365,600036
2025-03-06,18.02,18.02,17.48,17.56,14977846,600036
2025-03-07,17.28,18.38,17.28,18.3,7374305,600036
2025-03-10,18.11,18.52,17.68,17.97,4983908,600036
2025-03-11,17.9,18.28,17.9,18.19,7935433,600036
2025-03-12,18.39,18.39,18.16,18.23,7544369,600036
2025-03-13,18.7,19.15,18.7,19.06,1767260,600036
2025-03-14,19.1,19.1,17.99,18.2,4581621,600036
2025-03-17,18.46,19.48,18.46,19.48,17075684,600036
2025-03-18,19.63,19.7,19.16,19.4,4360179,600036
2025-03-19,19.07,19.69,19.07,19.52,6371823,600036
2025-03-20,19.58,19.58,18.93,19.11,7274616,600036
2025-03-21,18.98,18.98,18.7,18.76,6749939,600036
2025-03-24,18.72,18.72,18.32,18.36,2371859,600036
2025-03-25,18.44,18.44,17.82,17.9,11957502,600036
2025-03-26,18.05,18.35,18.05,18.32,4389314,600036
2025-03-27,18.27,18.83,18.02,18.57,5120812,600036
2025-03-28,18.58,18.58,17.55,17.59,1607293,600036
2025-03-31,17.76,17.96,17.76,17.86,2614676,600036
2025-04-01,17.95,17.95,17.62,17.74,7724037,600036
2025-04-02,17.67,18.67,17.67,18.39,11886743,600036
2025-04-03,18.48,18.48,17.47,17.55,7632773,600036
2025-04-04,17.62,17.84,17.4,17.7,3716733,600036
2025-04-07,17.99,18.22,17.67,17.88,7361175,600036
2025-04-08,17.91,18.29,17.91,18.23,11151408,600036
2025-04-09,18.03,19.15,18.02,18.58,2558549,600036
2025-04-10,18.56,18.95,18.56,18.89,6491338,600036
2025-04-11,18.64,19.55,18.64,19.19,10254305,600036
2025-04-14,19.08,19.37,19.08,19.34,8279474,600036
2025-04-15,19.39,19.39,18.45,18.67,10573520,600036
2025-04-16,18.68,19.31,18.5,18.88,9933802,600036
2025-04-17,18.94,19.75,18.94,19.57,3233207,600036
2025-04-18,19.49,19.86,19.49,19.79,7840302,600036
2025-04-21,19.52,20.42,19.52,20.25,3356986,600036
2025-04-22,20.36,20.53,20.23,20.34,6960742,600036
2025-04-23,20.41,21.38,20.41,21.03,5035498,600036
2025-04-24,21.01,21.53,21.01,21.35,8835043,600036
2025-04-25,21.51,21.62,21.31,21.5,6422198,600036
2025-04-28,21.06,21.83,21.06,21.79,24728368,600036
2025-04-29,21.91,22.35,21.81,22.04,7337133,600036
2025-04-30,22.45,22.45,20.91,20.93,23107947,600036
2025-05-01,21.03,21.03,20.96,20.99,11370632,600036
2025-05-02,20.8,21.13,20.8,21.1,4664405,600036
2025-05-05,21.0,21.24,21.0,21.1,1429257,600036
2025-05-06,21.22,22.21,21.22,21.87,18544178,600036
2025-05-07,22.13,22.32,22.13,22.31,11565484,600036
2025-05-08,22.58,22.58,21.64,21.97,9095872,600036
2025-05-09,22.11,22.24,21.81,21.98,4595471,600036
2025-05-12,22.02,22.02,21.77,21.87,6342655,600036
2025-05-13,22.08,22.08,21.69,21.7,3648164,600036
2025-05-14,21.57,22.09,21.57,21.99,5342150,600036
2025-05-15,22.0,23.46,22.0,22.86,5401542,600036
2025-05-16,22.3,22.86,22.3,22.69,6159803,600036
2025-05-19,22.72,23.63,22.24,22.97,4754930,600036
2025-05-20,23.0,23.0,22.16,22.29,8717694,600036
2025-05-21,22.25,22.63,22.1,22.43,4019315,600036
2025-05-22,22.54,22.97,22.23,22.6,4481188,600036
2025-05-23,22.76,22.78,22.57,22.68,12490540,600036
2025-05-26,22.77,22.77,21.95,21.97,9463799,600036
2025-05-27,22.09,22.18,21.86,22.03,1853236,600036
2025-05-28,22.01,22.01,21.66,21.71,3452561,600036
2025-05-29,21.43,21.67,21.43,21.62,6986677,600036
2025-05-30,21.47,21.66,21.35,21.54,5218987,600036
2025-06-02,21.85,21.85,19.8,19.93,19144519,600036
2025-06-03,20.13,20.48,19.89,20.21,2750644,600036
2025-06-04,20.18,20.29,19.84,20.09,5229878,600036
2025-06-05,19.75,20.23,19.75,20.18,15144130,600036
2025-06-06,20.2,20.98,20.2,20.86,6594452,600036
2025-06-09,20.84,20.91,20.5,20.71,6604416,600036
2025-06-10,20.56,20.56,20.17,20.29,5392361,600036
2025-06-11,20.01,21.29,20.01,21.05,3923158,600036
2025-06-12,20.75,21.51,20.75,21.3,9933389,600036
2025-06-13,21.07,21.67,21.07,21.45,6790641,600036
2025-06-16,21.01,21.66,21.01,21.57,13735138,600036
2025-06-17,21.41,21.41,20.69,20.92,5692240,600036
2025-06-18,20.92,20.92,20.55,20.71,7006724,600036
2025-06-19,20.79,20.79,20.39,20.47,1239404,600036
2025-06-20,20.34,20.34,19.94,20.06,12260279,600036
